feature_ID	captured_region_size_bp	median_feature_CN	max_feature_CN	borderline_flag
BS_K3F9WTAN_amplicon1_ecDNA_1	1686874	36.252738002676566	38.21080130153958	None
BS_3KD309X6_amplicon1_BFB_1	5229032	6.780914921124598	8.378490649062384	None
BS_AH252MTC_amplicon1_Linear_1	786597	5.158779638182601	5.544406971463651	None
BS_FZ8D57HJ_amplicon1_Linear_1	2705483	5.152313006086296	5.953643618178795	None
BS_GH6PH611_amplicon1_Linear_1	795303	5.563349780807025	5.563349780807025	None
BS_4FKXNJHW_amplicon1_ecDNA_1	337024	23.057119032732118	23.057119032732118	None
BS_8GW9ZD0F_amplicon1_BFB_1	2052767	6.417361237524336	7.33348892326662	LowCN
BS_A024WSJX_amplicon1_Complex-non-cyclic_1	8325908	5.451774885742562	6.633031570112357	None
BS_9ANMMYJS_amplicon1_BFB_1	818086	5.808605604742559	5.808605604742559	LowCN
BS_MTYNW7BX_amplicon1_ecDNA_1	626832	18.708456500476835	56.72167389119923	None
BS_ERDKHKT5_amplicon1_ecDNA_1	416305	11.605800354150496	12.451849537341865	None
BS_DYA4EMPF_amplicon1_ecDNA_1	325396	37.426335593952096	37.426335593952096	None
BS_4ZG27R47_amplicon1_ecDNA_1	731320	26.315633173625727	46.76003014062839	None
BS_9HMAQJ93_amplicon1_Linear_1	151091	4.913504802975834	4.913504802975834	LowCN
BS_9HMAQJ93_amplicon2_ecDNA_1	2109830	13.113046770889616	13.113046770889616	None
BS_9HMAQJ93_amplicon3_Complex-non-cyclic_1	3926274	6.06648856678971	7.143602252902483	None
BS_1KP6JADZ_amplicon1_Complex-non-cyclic_1	721272	5.330280824226358	6.457787311460471	None
BS_1KP6JADZ_amplicon2_Linear_1	416123	5.1721780314094605	5.1721780314094605	None
BS_Z36ZZZ9N_amplicon1_ecDNA_1	107522	4.2455145540258625	7.840151395789213	LowCN
BS_2F8PFTW5_amplicon1_Linear_1	494959	5.211806852144241	5.211806853056101	None
BS_2F8PFTW5_amplicon2_Linear_1	580410	6.20642471256102	6.20642471256102	None
BS_XB34VS6P_amplicon1_Linear_1	494915	4.1694459357075075	5.378610444515833	None
BS_XB34VS6P_amplicon2_Linear_1	579947	5.375669653392694	5.375669653392694	None
BS_W005KCS2_amplicon1_Linear_1	81337	5.864205890880188	5.864205890880188	None
BS_YTTPJ4RX_amplicon1_Complex-non-cyclic_1	414418	6.76048187197126	11.362163792385775	None
BS_3Y55A2AQ_amplicon1_ecDNA_1	161481	6.232176340369019	6.232176340369019	LowCN
BS_E8Z367DQ_amplicon1_ecDNA_1	161481	7.750802179956706	7.750802179956706	LowCN
BS_F7VH8BQX_amplicon1_ecDNA_1	161481	4.811252167998285	4.811252167998285	LowCN
BS_MGFDE2ZH_amplicon1_ecDNA_1	161481	4.786830656480115	4.786830656480115	LowCN
BS_XKBT2G20_amplicon1_ecDNA_1	161481	5.179808747016332	5.179808747016332	LowCN
BS_Y9Q9RPNZ_amplicon1_ecDNA_1	161481	7.495107192945257	7.495107192945257	LowCN
BS_ZYP3XG56_amplicon1_ecDNA_1	161481	5.008341467899642	5.008341467899642	LowCN
BS_95EMTN3E_amplicon1_ecDNA_1	532217	45.28664715120317	47.174543368101226	None
BS_AZD61W93_amplicon1_Complex-non-cyclic_1	86095	5.523990288288249	11.097060060419675	None
BS_7M145V8M_amplicon1_ecDNA_1	691526	12.352293659410146	12.498537174233327	None
BS_7M145V8M_amplicon2_Complex-non-cyclic_1	3535964	15.68070560745871	16.454520904560965	None
BS_VRDQTVHR_amplicon1_ecDNA_1	1827771	15.456617169826066	32.61386818285116	None
BS_VRDQTVHR_amplicon2_Complex-non-cyclic_1	3536011	12.974275880671968	17.852725668234733	None
BS_B8TG51S6_amplicon1_ecDNA_1	2499418	11.576997993645596	19.52055994186267	None
BS_B8TG51S6_amplicon2_ecDNA_1	696257	13.328079900490255	13.44144825800121	None
BS_0GS82Q3E_amplicon1_ecDNA_1	445918	9.48674881301216	10.77623536261701	None
BS_0GS82Q3E_amplicon2_ecDNA_1	753708	22.1885667470401	24.5592007284971	None
BS_0GS82Q3E_amplicon3_ecDNA_1	865135	69.81909658698896	79.45201236074844	None
BS_0GS82Q3E_amplicon3_ecDNA_2	2186097	11.192537406552416	15.606041670022295	None
BS_0GS82Q3E_amplicon4_Linear_1	2070575	4.550549802044317	5.363040572787481	None
BS_0GS82Q3E_amplicon7_Complex-non-cyclic_1	612397	4.688018148048692	4.688018148048692	LowCN
BS_0GS82Q3E_amplicon8_ecDNA_1	1533046	4.89908273938246	5.016109120674943	LowCN
BS_R8F3DR5F_amplicon1_ecDNA_1	5809433	12.451081264274459	12.671127531289105	None
BS_R8F3DR5F_amplicon2_ecDNA_1	1223325	10.107170923075932	10.132113431642034	None
BS_7YGM7F5R_amplicon3_Linear_1	68954	4.92462115501427	4.92462115501427	LowCN
BS_7BN22JGJ_amplicon1_Complex-non-cyclic_1	2459155	13.02747608778372	13.413696404086236	None
BS_KEWYG829_amplicon1_ecDNA_1	3483036	25.93877666481105	25.985222492936035	None
BS_KEWYG829_amplicon2_ecDNA_1	3966463	13.421409421431472	13.421409421431472	None
BS_Y7PRDGED_amplicon1_ecDNA_1	2350932	15.786595915577864	15.81025857839137	None
BS_Y7PRDGED_amplicon2_ecDNA_1	817427	14.384512986830687	14.384512986830687	None
BS_2F3NJJ7V_amplicon1_ecDNA_1	128203	10.06471864351611	10.06471864351611	None
BS_N3FWKZB8_amplicon1_ecDNA_1	6712117	17.23726718444915	30.801292417713107	None
BS_GBSSZBMF_amplicon1_BFB_1	195431	7.675550912404471	7.675550912404471	LowCN
BS_X3KSK1AF_amplicon1_ecDNA_1	2149666	14.280826485559716	31.487320898281144	None
BS_7GF5144B_amplicon1_ecDNA_1	879173	14.674895089159298	27.754216619878612	None
BS_NTCKT2C2_amplicon1_Linear_1	503390	5.3919804483474225	5.498147080064415	None
BS_2296JPP5_amplicon1_ecDNA_1	3218250	45.453172447760295	45.453172447760295	None
BS_KVC8X5BX_amplicon1_Complex-non-cyclic_1	96028	5.269351948146733	6.763960906548381	None
BS_KVC8X5BX_amplicon2_Linear_1	1147991	4.821056290856787	4.821056290856787	LowCN
BS_53BCKC4V_amplicon1_ecDNA_1	531809	26.226074272395937	52.5567179756147	None
BS_53BCKC4V_amplicon1_ecDNA_2	4622534	86.94063312007732	94.40573429976565	None
BS_53BCKC4V_amplicon2_ecDNA_1	374964	7.757186230060879	7.757186230060879	LowCN
BS_53BCKC4V_amplicon3_ecDNA_1	365983	7.861494867042261	7.861494867042261	LowCN
BS_53BCKC4V_amplicon4_ecDNA_1	889426	6.968390498932266	6.968390498932266	LowCN
BS_53BCKC4V_amplicon5_Complex-non-cyclic_1	8538907	4.9936496112078785	5.701194785086177	None
BS_R1BYKPF1_amplicon1_Complex-non-cyclic_1	12732470	5.848418109625095	10.132569762673532	None
BS_YC4RWPH3_amplicon1_ecDNA_1	2550071	13.710122746081431	26.591144212499085	None
BS_SPN3A4M0_amplicon1_Linear_1	93475	4.440569432871478	4.66176464143748	LowCN
BS_SPN3A4M0_amplicon2_Linear_1	233496	4.751832316921372	4.751832316921372	LowCN
BS_XQGE3TD3_amplicon1_Complex-non-cyclic_1	3900632	5.751782429884538	9.328952330780588	None
BS_EMAYQWCN_amplicon1_Linear_1	408094	6.4065578666004885	6.636759077858742	None
BS_PCMHH474_amplicon1_ecDNA_1	763180	5.193992398397688	8.869275803606794	None
BS_XWYBVJ4R_amplicon1_ecDNA_1	11933114	14.215294404247674	29.860502803377862	None
BS_XWYBVJ4R_amplicon2_Linear_1	392492	4.695837900347903	4.695837900347903	LowCN
BS_XWYBVJ4R_amplicon3_ecDNA_1	1093508	8.282046745466868	8.488607049923345	None
BS_AHKEJ0E3_amplicon1_Complex-non-cyclic_1	460566	7.436435703937184	13.120843944519981	None
BS_7KN8003B_amplicon1_Complex-non-cyclic_1	1954145	7.36797796335722	9.75079385932748	None
BS_KWHEFBG0_amplicon1_Complex-non-cyclic_1	209920	4.881833454507065	5.317854034655817	None
BS_KWHEFBG0_amplicon3_ecDNA_1	114581	5.630124461272657	5.630124461272657	LowCN
BS_KWHEFBG0_amplicon4_Linear_1	2800064	5.550523350534621	5.925918432371208	None
BS_KWHEFBG0_amplicon5_ecDNA_1	1231894	10.697986840505635	13.999842570605708	None
BS_KWHEFBG0_amplicon6_Linear_1	698416	7.52987260403101	7.529872604031012	None
BS_KWHEFBG0_amplicon7_Linear_1	289156	7.670324040103032	7.670324040103032	None
BS_3PATZ29V_amplicon1_ecDNA_1	27499685	25.110161003384107	42.97508313491739	None
BS_WMXKD55A_amplicon1_ecDNA_1	25063050	12.670057978256136	20.1232904749449	None
BS_V27ABVGT_amplicon1_Complex-non-cyclic_1	2298389	5.162070349098409	5.448750357278537	None
BS_02VZJ0QK_amplicon1_Complex-non-cyclic_1	4839296	6.471659001504907	7.060371729717676	None
BS_YRGD4MKR_amplicon1_ecDNA_1	57274	4.992249424468729	4.992249424468729	LowCN
BS_02NHQ9F8_amplicon1_Complex-non-cyclic_1	2910728	9.38500774241343	12.126389190150727	None
BS_02NHQ9F8_amplicon2_Linear_1	265051	5.054893266941484	5.054893266941484	None
BS_02NHQ9F8_amplicon3_Linear_1	1513729	5.186811142943613	5.186811142943613	None
BS_TYE6Q66H_amplicon1_ecDNA_1	556081	12.760960740922593	12.760960740922593	None
BS_EQK3VTV0_amplicon1_ecDNA_1	2759020	17.038958902898777	132.31711972785237	None
BS_1DA3F1K1_amplicon1_ecDNA_1	3486702	12.92123736182059	77.2275222964693	None
BS_15BAPZBP_amplicon1_Linear_1	832800	20.562566943312675	20.562566943312675	None
BS_YYJDGT6Y_amplicon1_ecDNA_1	7555900	6.750676857503263	7.954849274378539	LowCN
BS_3JR05TXQ_amplicon1_Linear_1	5099861	5.941870912334323	6.02125893408838	None
BS_J7EY237P_amplicon1_ecDNA_1	1019109	27.256305273663397	27.256305273663397	None
BS_TZWCWMJJ_amplicon1_Linear_1	5098253	10.938849886187311	10.941910417711917	None
BS_1WC7MCRT_amplicon1_ecDNA_1	1117309	6.692020996518263	6.692020996518263	LowCN
BS_1WC7MCRT_amplicon2_ecDNA_1	734349	4.838888943600817	4.9782701605193695	LowCN
BS_54HHEWEZ_amplicon1_ecDNA_1	2382105	17.19087171321323	25.18440683175529	None
BS_54HHEWEZ_amplicon2_ecDNA_1	2491938	18.62894397306888	19.40399922951741	None
BS_AED5JAXC_amplicon1_Complex-non-cyclic_1	15551454	7.771306021332266	10.346546921125444	None
BS_97M1BPNE_amplicon1_ecDNA_1	3822924	7.180027407151482	24.149202063557325	None
BS_9GAN1VK0_amplicon1_ecDNA_1	51592	8.381822914880733	8.381822914880733	None
BS_1061K466_amplicon1_BFB_1	19412043	14.624460583044568	359.9356656573534	None
BS_9BJ4Z98D_amplicon1_Linear_1	1967167	4.571051084374639	4.676812601830836	LowCN
BS_9BJ4Z98D_amplicon2_ecDNA_1	1051928	13.087002146640652	24.116377069169083	None
BS_HTQ9CT6Q_amplicon1_BFB_1	9366087	6.37580332770607	64.28310171103627	None
BS_HTQ9CT6Q_amplicon2_Linear_1	440097	5.042127599046206	5.042127599046206	None
BS_JHWHDEBK_amplicon1_BFB_1	984291	8.26835284534818	14.444170231660722	None
BS_NQDVWQY7_amplicon1_BFB_1	985347	9.713836824756072	17.228969842586682	None
BS_R88BSH78_amplicon1_BFB_1	12713229	18.140992157674585	287.4191816651845	None
BS_6VVG1EBR_amplicon1_ecDNA_1	1297312	6.844072538983753	16.56240592342539	None
BS_WFJAG7PD_amplicon1_ecDNA_1	2381639	40.7590974722429	42.03409595386296	None
BS_QSEKE2HK_amplicon1_Linear_1	125947	6.104500646070368	6.104500646070368	None
BS_YACC792T_amplicon1_Linear_1	3530802	7.741579847854395	7.741579847854395	None
BS_S6XJN6XC_amplicon1_ecDNA_1	1246519	6.504419805630849	6.628569150394527	LowCN
BS_4Y10FCTC_amplicon1_Linear_1	2065117	5.009121120014413	7.499155275419519	None
BS_4Y10FCTC_amplicon2_Linear_1	77635	5.521624783584392	5.521624783584392	None
BS_DQ53BKED_amplicon1_ecDNA_1	3173738	103.97632447272912	104.6664459195972	None
BS_E4C16ZWG_amplicon1_Complex-non-cyclic_1	4440172	7.019176179928996	7.550158652786428	None
BS_E1GFZBG3_amplicon1_Complex-non-cyclic_1	100945	6.6429991424815515	6.6429991424815515	None
BS_PS00F8DA_amplicon1_ecDNA_1	2727534	5.180561496020969	5.180561496020972	LowCN
BS_TFYBVE0A_amplicon1_ecDNA_1	2026137	48.07774784254996	48.07774784254996	None
BS_XH4QH13B_amplicon1_ecDNA_1	2026136	46.71808496455711	46.71808496455711	None
BS_E1FCN4JK_amplicon1_ecDNA_1	617042	21.42367209282431	21.428486213846135	None
BS_E1FCN4JK_amplicon2_ecDNA_1	1166992	134.46345125674685	134.88374543832163	None
BS_AM8HDWQZ_amplicon1_ecDNA_1	2315101	48.211288857700254	48.70977948726765	None
BS_KFZKF2P8_amplicon1_ecDNA_1	2315097	31.035433624535987	34.65434455809333	None
BS_2C9ZX1NK_amplicon10_Linear_1	676390	11.809863232316683	11.809863232316683	None
BS_2C9ZX1NK_amplicon1_ecDNA_1	72259	4.3054612511753545	9.890395896891523	None
BS_2C9ZX1NK_amplicon1_ecDNA_2	44124	7.5840262749560186	7.5840262749560186	LowCN
BS_2C9ZX1NK_amplicon2_Linear_1	200685	8.689397919975015	13.026044900969035	None
BS_2C9ZX1NK_amplicon3_ecDNA_1	1352779	8.241779621066662	9.674529351531106	None
BS_2C9ZX1NK_amplicon4_Linear_1	1130291	7.295046331713172	7.418408843738066	None
BS_2C9ZX1NK_amplicon5_Complex-non-cyclic_1	702654	5.4896563127523	16.278995996129005	None
BS_2C9ZX1NK_amplicon6_Complex-non-cyclic_1	2155498	7.250400660041324	9.993751479093502	None
BS_2C9ZX1NK_amplicon8_ecDNA_1	184307	5.964698305218841	9.406438034276087	None
BS_2C9ZX1NK_amplicon9_Linear_1	2763977	7.2828878774149315	9.839661047515724	None
BS_B1163H1W_amplicon10_Linear_1	57629	5.049578410252156	5.049578410252156	None
BS_B1163H1W_amplicon12_Linear_1	58326	5.225181472289383	5.225181472289383	None
BS_B1163H1W_amplicon13_Linear_1	60663	4.8505651775745235	4.8505651775745235	LowCN
BS_B1163H1W_amplicon14_Linear_1	178952	4.934454728708361	4.934454728708361	LowCN
BS_B1163H1W_amplicon15_Linear_1	94026	4.616339737978022	4.616339737978022	LowCN
BS_B1163H1W_amplicon16_Linear_1	98959	5.011182528935988	5.011182528935988	None
BS_B1163H1W_amplicon18_ecDNA_1	710970	50.64057575523503	68.84588866720367	None
BS_B1163H1W_amplicon19_Linear_1	174905	4.766987522953799	4.766987522953799	LowCN
BS_B1163H1W_amplicon1_Linear_1	65718	5.158821753276946	5.198956292377049	None
BS_B1163H1W_amplicon29_ecDNA_1	796317	12.54640366216596	16.234878776641175	None
BS_B1163H1W_amplicon2_ecDNA_1	47483	11.425813791771938	11.425813791771938	None
BS_B1163H1W_amplicon2_ecDNA_2	129755	14.61746550520274	23.6983266984506	None
BS_B1163H1W_amplicon2_ecDNA_3	129815	8.612647295451097	20.480057352717676	None
BS_B1163H1W_amplicon32_Complex-non-cyclic_1	220949	9.48456826233294	9.702299103900641	None
BS_B1163H1W_amplicon35_Complex-non-cyclic_1	3241944	4.63362845863989	7.27470584320972	None
BS_B1163H1W_amplicon36_Linear_1	110792	5.391958938387531	5.391958938387531	None
BS_B1163H1W_amplicon37_Linear_1	260838	5.227701871882815	5.227701871882815	None
BS_B1163H1W_amplicon38_Linear_1	867350	4.836845360334824	5.856063406744404	None
BS_B1163H1W_amplicon39_Linear_1	143564	6.131579374982459	6.131579374982459	None
BS_B1163H1W_amplicon40_Linear_1	565648	4.437186781318228	6.658866601599111	None
BS_B1163H1W_amplicon41_Linear_1	156707	5.846944634874354	5.846944634874354	None
BS_B1163H1W_amplicon43_Linear_1	475593	4.531705277977954	4.531705277977954	LowCN
BS_B1163H1W_amplicon44_Linear_1	192527	7.602445397905959	7.602445397905959	None
BS_B1163H1W_amplicon45_Linear_1	138260	5.548895068256424	5.548895068256424	None
BS_B1163H1W_amplicon47_Linear_1	531547	5.926809229938966	7.6972530804327075	None
BS_B1163H1W_amplicon48_Linear_1	1506878	5.945009361678453	5.947697612741133	None
BS_B1163H1W_amplicon49_Linear_1	335254	4.721384333035879	4.721384333035879	LowCN
BS_B1163H1W_amplicon4_Linear_1	66094	4.876614933243176	4.876614933243176	LowCN
BS_B1163H1W_amplicon50_Linear_1	57629	6.314690118198862	6.314690118198862	None
BS_B1163H1W_amplicon55_Linear_1	696390	15.1274303701081	18.95735123495039	None
BS_B1163H1W_amplicon56_Linear_1	99860	10.206979900138693	10.676184130224518	None
BS_B1163H1W_amplicon9_Linear_1	57628	4.562875722074106	4.562875722074106	LowCN
BS_Z0BN60RK_amplicon1_ecDNA_1	1239267	9.150788311688313	9.150788311688313	None
BS_BP8A42GM_amplicon1_ecDNA_1	129409	5.0765693511508845	5.633011881107649	LowCN
BS_F4CJJFW1_amplicon1_Complex-non-cyclic_1	9806248	4.878712853627947	7.986127679807785	None
BS_F4CJJFW1_amplicon2_Complex-non-cyclic_1	538997	5.706092255536738	5.706092255536738	None
BS_F4CJJFW1_amplicon3_Linear_1	662982	5.3012914446289345	5.3012914446289345	None
BS_F4CJJFW1_amplicon4_Linear_1	81828	4.979630238262941	4.979630238262941	LowCN
BS_F4CJJFW1_amplicon5_Complex-non-cyclic_1	1721560	5.400324238805503	6.197798447289416	None
BS_K9VSRKD1_amplicon1_ecDNA_1	451954	9.29408847250819	9.29408847250819	None
BS_VYDJK425_amplicon1_Linear_1	497498	5.16219286801111	5.16219286801111	None
BS_VYDJK425_amplicon2_Linear_1	330568	6.155397340278974	6.155397340278974	None
BS_VYDJK425_amplicon3_Linear_1	567777	5.964800018651966	6.732164760139416	None
BS_VYDJK425_amplicon4_Linear_1	609479	4.906864747408433	6.39823252343919	None
BS_VYDJK425_amplicon5_Complex-non-cyclic_1	2623020	7.084777145118425	7.659458007082097	None
BS_VYDJK425_amplicon6_Linear_1	104444	5.7998854226317995	5.7998854226317995	None
BS_VYDJK425_amplicon7_ecDNA_1	129453	5.308670162536427	5.429995637320487	LowCN
BS_VYDJK425_amplicon8_Linear_1	406732	4.487523874462738	6.414037916418331	None
BS_W3DXWFMX_amplicon1_Linear_1	1702062	6.4765394410701145	7.0807897481172635	None
BS_GM3NRFRR_amplicon10_Complex-non-cyclic_1	321852	4.615929462404853	4.615929462404853	LowCN
BS_GM3NRFRR_amplicon11_Linear_1	101698	4.520137091882482	4.520137091882482	LowCN
BS_GM3NRFRR_amplicon1_Complex-non-cyclic_1	1456750	4.580266199249762	4.991647797294174	LowCN
BS_GM3NRFRR_amplicon2_Complex-non-cyclic_1	16055790	4.551421388406075	7.4358341576051386	None
BS_GM3NRFRR_amplicon3_Linear_1	148395	4.937364803993411	4.937364803993411	LowCN
BS_GM3NRFRR_amplicon4_Complex-non-cyclic_1	400039	4.615813473270182	4.615813473270182	LowCN
BS_GM3NRFRR_amplicon5_Linear_1	273041	4.579942158664699	4.579942158664699	LowCN
BS_GM3NRFRR_amplicon6_Linear_1	239764	4.605272943394651	4.605272943394651	LowCN
BS_GM3NRFRR_amplicon8_Linear_1	764479	4.692319798663645	4.692319798663645	LowCN
BS_GM3NRFRR_amplicon9_Linear_1	61412	4.5943726834109295	4.5943726834109295	LowCN
BS_A8XRT37Q_amplicon1_Linear_1	285220	6.407893117375306	6.407893117375306	None
BS_GY8AVNHY_amplicon1_ecDNA_1	499148	15.847659969149484	15.847659969149484	None
BS_GY8AVNHY_amplicon2_ecDNA_1	1441259	33.75563801366367	33.75563801366367	None
BS_MVQYCQMP_amplicon1_Linear_1	1503656	5.300077499562626	5.300077499562626	None
BS_551ZH7EV_amplicon1_ecDNA_1	5421947	41.251545958598655	52.25042510030394	None
BS_065QV76T_amplicon1_ecDNA_1	256600	21.031916785525723	21.954424860721065	None
BS_4GMSE5BE_amplicon1_ecDNA_1	256597	29.88419877603103	32.57952305547768	None
BS_7314XTPY_amplicon1_ecDNA_1	176138	14.723254599262457	15.47746319596941	None
BS_3S1JTYA2_amplicon1_ecDNA_1	753110	9.270086679536401	12.498385389943117	None
BS_3S1JTYA2_amplicon2_Complex-non-cyclic_1	1808427	5.591564183931982	6.635195776046443	None
BS_3S1JTYA2_amplicon3_ecDNA_1	4817848	32.61521377294267	60.296793009602204	None
BS_S4CG60MW_amplicon1_ecDNA_1	3058004	6.9021310228069686	10.275640812273384	None
BS_J90F99EV_amplicon1_ecDNA_1	509858	8.08292506504374	8.08292506504374	None
BS_MEE1Y50H_amplicon1_BFB_1	800185	11.55477747669891	14.708171855306968	None
BS_MEE1Y50H_amplicon2_Linear_1	881582	4.649636376017765	4.649636376017765	LowCN
BS_MEE1Y50H_amplicon3_Linear_1	159219	4.6802915158606275	4.6802915158606275	LowCN
BS_MD2R88X3_amplicon1_Linear_1	4573915	9.002628502462944	9.02760863107026	None
BS_B5V3KSQY_amplicon1_ecDNA_1	7437325	32.24283413662154	76.1208603840038	None
BS_VXAXJ87Y_amplicon1_ecDNA_1	1197653	28.595462379406374	28.59546237940638	None
BS_F26AAE9K_amplicon1_Complex-non-cyclic_1	1390227	25.373339594252066	25.880098615384803	None
BS_4T994QT4_amplicon1_ecDNA_1	3310606	19.447608216938825	32.714872867053636	None
BS_9XQVJS03_amplicon1_ecDNA_1	3310607	27.107215319778188	37.190902114394305	None
BS_R06ABMXP_amplicon1_ecDNA_1	3800926	17.425719910479692	17.429241117480498	None
BS_R06ABMXP_amplicon2_ecDNA_1	407075	9.256798416459254	9.256798416459254	None
BS_AVMVWGX0_amplicon1_ecDNA_1	4851068	11.912779974766472	18.075821742407804	None
BS_89RB2TC2_amplicon1_Complex-non-cyclic_1	10674232	4.967357943560583	36.4655695249366	None
BS_ZW7VSY3Z_amplicon1_Linear_1	702123	4.855390224296774	5.209657083633521	None
BS_9T43YEPA_amplicon1_Linear_1	2606866	21.75464683874548	21.75464683874548	None
BS_3AQ7V6ZQ_amplicon1_Complex-non-cyclic_1	2190848	5.040892001505821	5.118861019198703	None
BS_3AQ7V6ZQ_amplicon2_Linear_1	401398	4.8516560832995905	5.919483732049787	None
BS_5FS4BERE_amplicon1_Complex-non-cyclic_1	3529642	4.824346174119476	4.963473776213932	LowCN
BS_5FS4BERE_amplicon2_Linear_1	401398	4.819316160570321	5.762869912159225	None
BS_K9APGGRV_amplicon1_Complex-non-cyclic_1	2706324	7.493668103878757	9.339964223809114	None
BS_K9APGGRV_amplicon2_Linear_1	130198	6.590118741160469	6.9010828073998765	None
BS_K9APGGRV_amplicon3_Complex-non-cyclic_1	6634566	6.641494957128226	13.460565798686156	None
BS_YKB20Z8Y_amplicon1_Complex-non-cyclic_1	1501210	6.3530015654479906	8.92610998994996	None
BS_R8820GP1_amplicon1_ecDNA_1	3957241	34.85259987056123	61.51706860173151	None
BS_MZS6FZKF_amplicon1_ecDNA_1	4258698	9.681577130567014	14.862539320324965	None
BS_D1CNC603_amplicon1_Linear_1	713520	6.322803164131158	6.322803164131158	None
BS_DPRBAXTR_amplicon1_ecDNA_1	1002642	18.18880434478659	18.44055943136529	None
BS_DPRBAXTR_amplicon2_ecDNA_1	1019792	9.911251198151275	9.911251198151275	None
BS_P3NDA9Z7_amplicon1_BFB_1	995715	5.512537326707562	5.574110621449577	LowCN
BS_X2VRDBVG_amplicon1_ecDNA_1	634319	29.387157914769368	29.552215530079643	None
BS_X2VRDBVG_amplicon2_ecDNA_1	402086	12.79753088037347	13.932539345812831	None
BS_X2VRDBVG_amplicon2_ecDNA_2	1769906	64.58364636654836	70.05001375131698	None
BS_X2VRDBVG_amplicon3_ecDNA_1	2098253	12.23090961635281	22.694105342087013	None
BS_X2VRDBVG_amplicon4_Complex-non-cyclic_1	1034927	105.73812953806095	109.67840557129247	None
BS_9E2FF9ZP_amplicon1_ecDNA_1	213890	6.215116604860683	10.663405398732824	None
BS_9Y9BQ8Y8_amplicon1_Linear_1	3587214	8.746259995681296	8.926320601476073	None
BS_5FPTB368_amplicon1_ecDNA_1	607300	18.68439560265251	30.606992198780887	None
BS_091H6TKY_amplicon1_Linear_1	38077	4.7759396734161825	4.7759396734161825	LowCN
BS_43EZNGJ1_amplicon1_Linear_1	481939	5.602810678128457	5.602810678128462	None
BS_B5S27A0B_amplicon1_Linear_1	428392	5.219077368292278	5.696581388984425	None
BS_NE82PE7G_amplicon1_Linear_1	342851	5.021436199471124	5.021436199471124	None
BS_00GG0R70_amplicon1_Linear_1	1532412	4.940836802436787	4.940836802436787	LowCN
BS_2T4EJ6KN_amplicon1_ecDNA_1	2880921	4.747197603584378	8.363105361893616	None
BS_2T4EJ6KN_amplicon2_Linear_1	89199	4.701093125751132	4.701093125751132	LowCN
BS_537YFJ06_amplicon1_ecDNA_1	67675	4.707597770456132	4.7146037345932355	LowCN
BS_537YFJ06_amplicon2_Linear_1	89162	4.68245716397184	4.68245716397184	LowCN
BS_ANZMQ09Q_amplicon1_Complex-non-cyclic_1	15161507	5.166728775739538	9.667062460799464	None
BS_ANZMQ09Q_amplicon2_Linear_1	89199	4.794236976267961	4.794236976267961	LowCN
BS_ANZMQ09Q_amplicon3_ecDNA_1	1427755	6.311106703837246	6.635279422075325	LowCN
BS_ANZMQ09Q_amplicon4_Linear_1	461974	5.919066122073349	5.919066122073349	None
BS_ANZMQ09Q_amplicon5_Linear_1	4303737	5.975301973054568	5.9753019730545756	None
BS_ANZMQ09Q_amplicon6_Linear_1	2344481	5.9049165629182045	6.011230971534424	None
BS_ANZMQ09Q_amplicon7_Linear_1	1606013	6.266502797666292	6.422342792349994	None
BS_BF2MCS03_amplicon1_ecDNA_1	7162228	5.871031321090984	8.275236750762812	None
BS_BF2MCS03_amplicon2_Linear_1	108936	6.262972788595178	6.262972788595178	None
BS_E3N4JN0X_amplicon1_ecDNA_1	1432809	7.796042436095335	7.796042436095336	LowCN
BS_E3N4JN0X_amplicon1_ecDNA_2	160070	4.532540661312154	4.671639245330275	LowCN
BS_E3N4JN0X_amplicon1_ecDNA_3	10849	8.911882496128412	8.911882496128412	None
BS_E3N4JN0X_amplicon2_Linear_1	2374051	5.224537582792666	5.2357574408855605	None
BS_EJP43CD9_amplicon1_ecDNA_1	26044	4.702056143892683	4.702056143892683	LowCN
BS_EJP43CD9_amplicon1_ecDNA_2	3835454	4.637363868039078	9.038364484944536	None
BS_EJP43CD9_amplicon2_Linear_1	89199	4.662842235936	4.662842235936	LowCN
BS_EJP43CD9_amplicon3_ecDNA_1	1521666	6.356080331553911	9.23218369506077	None
BS_M29BNE7Z_amplicon1_ecDNA_1	1337436	7.3172030518267634	8.670074443463092	None
BS_GW7MKKP9_amplicon1_ecDNA_1	4298160	16.93146233836892	16.93146233836892	None
BS_HPVAR2P6_amplicon1_ecDNA_1	1563228	13.860882636712455	13.860882636712455	None
BS_HPVAR2P6_amplicon1_ecDNA_2	1197395	5.879169120018722	6.83527338033008	LowCN
BS_HPVAR2P6_amplicon1_ecDNA_3	2564266	10.040712406406424	18.19457750366742	None
BS_HPVAR2P6_amplicon1_ecDNA_4	3851552	13.567511885322347	18.48247438071932	None
BS_HPVAR2P6_amplicon1_ecDNA_5	1517206	13.967848199109113	15.85311073944766	None
BS_PBP7633F_amplicon1_Linear_1	843981	4.489862401093436	5.031637746125852	None
BS_QWCKETN7_amplicon1_ecDNA_1	888404	14.411059154234508	23.96967819006087	None
BS_PA5M3880_amplicon1_ecDNA_1	817018	59.98133740865552	61.861015210059186	None
BS_XEVMEYFS_amplicon1_ecDNA_1	2187206	7.97496164557393	9.065460649844395	None
BS_59FR1NC2_amplicon1_Linear_1	79380	5.939195571795878	5.939195571795878	None
BS_PMFR8NPN_amplicon1_ecDNA_1	1459537	10.926034561974754	13.313020288485555	None
BS_PMFR8NPN_amplicon2_ecDNA_1	89871	7.229626699639583	7.229626699639583	LowCN
BS_PMFR8NPN_amplicon3_Complex-non-cyclic_1	2310049	7.279552968678191	7.61232922330845	None
BS_KYPMZZSY_amplicon1_Complex-non-cyclic_1	2454671	8.087243010927862	53.55075944751428	None
BS_C2NH5FDT_amplicon1_ecDNA_1	1891213	10.76610632077765	10.76610632077765	None
BS_PPY0EWPG_amplicon1_ecDNA_1	1056013	25.247407410552082	25.635254598781998	None
BS_AFAHY6HP_amplicon1_Complex-non-cyclic_1	150801	5.465256702341592	5.465256702341592	None
BS_AFAHY6HP_amplicon2_Linear_1	1075568	5.595970027097109	5.595970027097109	None
BS_AFAHY6HP_amplicon3_Linear_1	1806587	4.866522619162723	22.79824557091168	None
BS_0W8AWY10_amplicon1_Linear_1	80400	5.636412058275542	5.636412058275542	None
BS_A3EV6FXK_amplicon1_Complex-non-cyclic_1	88077	5.978777521711219	5.978777521711219	None
BS_B4P1NP87_amplicon1_ecDNA_1	627207	28.45189258748413	28.45189258748413	None
BS_QMY84KF4_amplicon1_ecDNA_1	627211	26.350788237892385	26.350788237892385	None
BS_6FYTRKJJ_amplicon1_Linear_1	80746	5.843833354722881	5.843833354722881	None
BS_83MSWR59_amplicon1_Complex-non-cyclic_1	77937	5.487888181856409	5.487888181856409	None
BS_MVC1NCZX_amplicon1_Linear_1	79904	5.218553459552641	5.218553459552641	None
BS_XBE002WV_amplicon1_Linear_1	58800	5.891164534584183	5.891164534584183	None
BS_9GJHMA3J_amplicon1_Linear_1	122352	7.159611985664356	7.159611985664356	None
BS_9GJHMA3J_amplicon2_ecDNA_1	2270604	11.520614178050982	11.917086383776807	None
BS_9GJHMA3J_amplicon3_Linear_1	1607718	5.387844994783662	5.387844994783662	None
BS_Y3472DYJ_amplicon1_Linear_1	116400	5.041607087253034	5.041607087253034	None
BS_9N3B3HZB_amplicon1_Linear_1	88535	5.492178400594894	5.492178400594894	None
BS_9M49SGAQ_amplicon1_ecDNA_1	49820	5.576279595970524	5.576279595970524	LowCN
BS_GS9JCK55_amplicon1_Linear_1	81053	5.317071894311834	5.317071894311834	None
BS_GS9JCK55_amplicon2_Linear_1	83030	4.916596039149615	4.916596039149615	LowCN
BS_JM979K1M_amplicon1_Linear_1	84685	5.909259764017273	5.909259764017273	None
BS_Z5VJCFNP_amplicon1_Linear_1	5008501	7.050344016053187	7.050344016053498	None
BS_B9QP40ER_amplicon1_ecDNA_1	796648	5.37503623205484	5.576965924665163	LowCN
BS_8Q8N6AHW_amplicon2_Complex-non-cyclic_1	3824499	5.865291034772328	10.246780459641448	None
BS_8Q8N6AHW_amplicon3_Linear_1	387610	5.90881873452234	5.90881873452234	None
BS_8Q8N6AHW_amplicon4_Complex-non-cyclic_1	12017852	5.686251957575323	10.28282815943976	None
BS_8Q8N6AHW_amplicon5_Linear_1	98406	5.143905181163885	5.143905181163885	None
BS_8Q8N6AHW_amplicon6_Linear_1	151760	5.077817866239742	5.077817866239742	None
BS_EJV0N3BX_amplicon1_BFB_1	1418310	5.742421325691449	5.742421325691449	LowCN
BS_EJV0N3BX_amplicon2_Complex-non-cyclic_1	3916695	5.981480983542995	10.498919300311588	None
BS_EJV0N3BX_amplicon3_Linear_1	387610	5.983104807673243	5.983104807673243	None
BS_3NX3RBCX_amplicon1_ecDNA_1	646983	42.4113696534	42.4113696534	None
BS_3NX3RBCX_amplicon1_ecDNA_2	540150	102.532409096	102.532409096	None
BS_3E5C1PN1_amplicon1_Linear_1	3907518	5.24597098917	7.19093919432	None
BS_3E5C1PN1_amplicon2_ecDNA_1	1014500	19.5583554607	19.5583554607	None
BS_QG6V29H7_amplicon1_Linear_1	675512	5.36912659678	5.36912659678	None
BS_QG6V29H7_amplicon2_ecDNA_1	1014500	40.4773335529	40.4773335529	None
BS_S0T3CQ97_amplicon1_ecDNA_1	1765491	39.45503943961351	41.06104575751359	None
BS_KHSYAB3J_amplicon1_Linear_1	56717	4.546564481088862	4.546564481088862	LowCN
BS_JB3J82ZK_amplicon1_ecDNA_1	3200501	5.301233393751711	24.45121022754182	None
BS_X1DSETVE_amplicon1_Linear_1	2998455	7.23008810441	7.44909845443	None
BS_X1DSETVE_amplicon2_ecDNA_1	5432771	6.20614314377	7.41644555488	LowCN
BS_QQP17PDQ_amplicon1_Complex-non-cyclic_1	4934865	19.0743554265	46.0797797265	None
BS_QQP17PDQ_amplicon2_ecDNA_1	3779204	8.57435523933	18.4125497557	None
BS_RXSBJ929_amplicon1_Complex-non-cyclic_1	4798402	19.6748330069	47.9376397057	None
BS_RXSBJ929_amplicon2_ecDNA_1	3606851	11.3996241248	24.3340897545	None
BS_S791VC80_amplicon1_Complex-non-cyclic_1	4631205	14.3787906178	29.8728421901	None
BS_S791VC80_amplicon2_ecDNA_1	3779018	9.35433709114	20.9223116112	None
BS_AFBPM6CN_amplicon1_Complex-non-cyclic_1	131121	5.39899031346	5.39899031346	None
BS_AFBPM6CN_amplicon2_Linear_1	394291	6.41520704616	6.41520704616	None
BS_AFBPM6CN_amplicon3_Complex-non-cyclic_1	2048539	5.6406668533	5.6406668533	None
BS_AFBPM6CN_amplicon4_Linear_1	618898	6.5465558	6.5465558	None
BS_R1G6SG0K_amplicon1_Linear_1	80577	6.372348878907946	6.372348878907946	None
BS_79NQJZ09_amplicon1_Linear_1	87187	5.01753516565	5.01753516565	None
BS_79NQJZ09_amplicon2_Linear_1	996454	6.60609472225	6.60609472225	None
BS_00TRPEQX_amplicon1_ecDNA_1	131441	29.0437186164	29.5249338595	None
BS_1M63B97V_amplicon1_Complex-non-cyclic_1	391443	42.8377313271	45.4347751994	None
BS_1M63B97V_amplicon2_ecDNA_1	705771	8.10253497636	8.18333330331	None
BS_BQWMQM2Y_amplicon1_Complex-non-cyclic_1	524665	26.9132246716	30.1305974484	None
BS_D368BNRD_amplicon1_Complex-non-cyclic_1	504949	36.8561178111	37.41088366	None
BS_80078QDG_amplicon1_ecDNA_1	213395	7.727741927394015	7.727741927394015	LowCN
BS_80078QDG_amplicon2_ecDNA_1	2179184	30.50889836360896	31.17644147153284	None
BS_EP25TTAG_amplicon1_Complex-non-cyclic_1	499608	86.91259807638247	366.42410648300205	None
BS_EP25TTAG_amplicon2_ecDNA_1	159486	35.766478452716974	35.95313188018009	None
BS_EP25TTAG_amplicon3_ecDNA_1	629386	20.619792261325955	20.987064113753924	None
BS_EP25TTAG_amplicon3_ecDNA_2	10416411	21.904913815864926	217.95896002256157	None
BS_EP25TTAG_amplicon4_ecDNA_1	219693	27.024423432186584	27.024423432186584	None
BS_P4K6WK9Y_amplicon1_ecDNA_1	2093280	17.837290040600543	18.393937400017464	None
BS_P3PF53V8_amplicon1_Linear_1	542487	5.23510214694244	5.23510214694244	None
BS_P3PF53V8_amplicon2_Linear_1	1297009	5.988714999263834	5.988714999263834	None
BS_0TCRV9AC_amplicon1_ecDNA_1	419389	8.978341371960168	8.978341371960168	None
BS_0TCRV9AC_amplicon2_ecDNA_1	667953	18.964498848462306	19.099092958763258	None
BS_0TCRV9AC_amplicon3_ecDNA_1	1761114	13.398153811576162	13.398153811576162	None
BS_ABZ3BK38_amplicon1_ecDNA_1	419389	5.422675955723097	14.821359848373937	None
BS_ABZ3BK38_amplicon2_ecDNA_1	667958	140.9934114105615	140.99341141056186	None
BS_ABZ3BK38_amplicon3_ecDNA_1	1761112	15.530895608896639	15.530895608896639	None
BS_J4E9SW51_amplicon1_Linear_1	58704	5.507300117802381	5.507300117802381	None
BS_KSHETTQC_amplicon1_Linear_1	80192	5.08528226951	5.08528226951	None
BS_C19DFVR5_amplicon1_Linear_1	853860	5.763047003490758	5.763047003490758	None
BS_C19DFVR5_amplicon2_ecDNA_1	1700952	4.9846339781620985	5.352477409173399	LowCN
BS_C19DFVR5_amplicon3_Complex-non-cyclic_1	1601716	5.126497876831972	6.7735301693521945	None
BS_GGY4Q2C9_amplicon1_ecDNA_1	787686	7.949355377074593	8.477105068014888	None
BS_AYPBAHJ6_amplicon1_Linear_1	756363	5.32015850269	5.41442035561	None
BS_AYPBAHJ6_amplicon2_Complex-non-cyclic_1	1459064	9.44380023234	12.6903548032	None
BS_JGKRN7NA_amplicon1_Complex-non-cyclic_1	1456322	7.38838003292	8.54955472278	None
BS_JGKRN7NA_amplicon2_Complex-non-cyclic_1	691811	6.09422369518	6.09422369518	None
BS_JGKRN7NA_amplicon3_Linear_1	441637	5.5244666013	5.5244666013	None
BS_XMP9XNR9_amplicon1_Linear_1	462857	5.61287110581	5.61287110581	None
BS_XMP9XNR9_amplicon2_Complex-non-cyclic_1	692722	6.37807180118	6.37807180118	None
BS_FKQ7F6D1_amplicon1_Linear_1	82380	5.015356145575723	5.4187424225150895	None
BS_FKQ7F6D1_amplicon2_ecDNA_1	8412755	12.829413203017017	35.788350522626445	None
BS_FKQ7F6D1_amplicon3_Linear_1	72226	5.289971667599095	5.289971667599095	None
BS_M4E4H6NG_amplicon1_ecDNA_1	4390695	33.6482952316	34.8808761722	None
BS_3BMGF6GN_amplicon1_ecDNA_1	5780381	9.63292347397	10.5294596747	None
BS_W2QCHQ7E_amplicon1_Complex-non-cyclic_1	3355948	6.41324865368	7.6939100228	None
BS_TF5TTEXH_amplicon1_ecDNA_1	4298159	17.1502177778	18.369759465	None
BS_WPCBK1EG_amplicon1_ecDNA_1	948966	11.2424618168	11.2592987003	None
BS_WPCBK1EG_amplicon2_Complex-non-cyclic_1	890302	5.67707243426	8.71786448556	None
BS_5R0HHQ1Y_amplicon1_Linear_1	75998	5.137263699111073	6.07975309049156	None
BS_10AD3EFX_amplicon1_Linear_1	204377	5.971055740874609	5.971055740874609	None
BS_41TD9XET_amplicon1_Linear_1	79599	5.737577686483246	7.051530155683958	None
BS_TZPJHKQR_amplicon1_Complex-non-cyclic_1	80299	5.1313423704661485	5.1313423704661485	None
BS_32JF8TPP_amplicon1_Linear_1	79200	5.3473819266460145	5.3473819266460145	None
BS_XHAQXDR0_amplicon1_Linear_1	79200	5.102555416006094	5.102555416006094	None
BS_RGSJMSRE_amplicon1_Linear_1	79967	4.935787196460925	4.935787196460925	LowCN
BS_05S9WJW6_amplicon1_Linear_1	60057	6.02397181160558	6.02397181160558	None
BS_NMQTPVFW_amplicon1_Linear_1	326497	43.23769918609661	43.23769918609661	None
BS_5KFAEMQJ_amplicon1_ecDNA_1	296693	39.60698241374925	39.60698241374925	None
BS_TNQKJZCP_amplicon1_ecDNA_1	2362472	15.345859927439804	18.98743585743784	None
BS_1CZPVCXR_amplicon1_Complex-non-cyclic_1	1787100	8.487843051568166	13.3147638107916	None
BS_F8KR1QWE_amplicon1_Complex-non-cyclic_1	173747	5.6879073286817885	9.010887612325213	None
BS_F8KR1QWE_amplicon2_ecDNA_1	652158	195.84682081618874	202.57581823282982	None
BS_3CG2N4PD_amplicon1_ecDNA_1	788107	68.95846242078012	205.675147532732	None
BS_BX8AR74E_amplicon1_Linear_1	1572046	6.8057207073377075	6.805720707337708	None
BS_BX8AR74E_amplicon2_ecDNA_1	2838647	54.33096390295577	101.7334377748238	None
BS_E1VJCEWB_amplicon1_ecDNA_1	2838645	50.54276042565177	51.60002625310967	None
BS_CKX0R5FN_amplicon1_ecDNA_1	108226	6.744910667049702	6.750233463097103	LowCN
BS_CKX0R5FN_amplicon2_ecDNA_1	1181271	19.595285161256275	20.229578134273517	None
BS_P99S85CY_amplicon1_Complex-non-cyclic_1	1182247	8.355565272716483	13.300914230202347	None
BS_P99S85CY_amplicon2_ecDNA_1	1181269	32.83842132091076	32.83842132091076	None
BS_W3R2DQ86_amplicon1_Linear_1	79873	5.443196975305195	5.443196975305195	None
BS_A4KYP5H0_amplicon1_ecDNA_1	1873118	23.764611064264916	34.16509239686452	None
BS_G4EX0H98_amplicon1_ecDNA_1	2918434	33.08114034820436	117.45330794902196	None
BS_N4B3WB8W_amplicon1_ecDNA_1	3764419	5.379982759650307	8.857506324691405	None
BS_KRYYDC2X_amplicon1_Linear_1	138304	6.012004320744541	6.012004320744541	None
BS_ZV21J6YW_amplicon1_ecDNA_1	941609	9.668490194088925	9.996710186366101	None
BS_2J4FG4HV_amplicon1_ecDNA_1	992015	6.859329917455533	7.579834036748311	LowCN
BS_2J4FG4HV_amplicon1_ecDNA_2	1734762	18.589508768519142	46.06026833811486	None
BS_2J4FG4HV_amplicon3_Linear_1	153514	5.654487467189813	5.654487467189813	None
BS_5JC116NM_amplicon1_ecDNA_1	2113280	62.798348263879355	193.12169127139498	None
BS_W37QBA12_amplicon1_ecDNA_1	2519024	18.855663861423842	52.398920327347874	None
BS_W37QBA12_amplicon1_ecDNA_2	1624261	7.168022709723285	16.437287523359167	None
BS_W37QBA12_amplicon2_Linear_1	239784	5.299076145422463	5.355994273535914	None
BS_W37QBA12_amplicon3_Linear_1	407172	5.29190585310142	5.5095904041671835	None
BS_10V9SAG8_amplicon1_ecDNA_1	1399858	90.0340181575013	92.06164474645544	None
BS_YETTZ1NC_amplicon1_Linear_1	146133	5.934631112241574	5.934631112241574	None
BS_YETTZ1NC_amplicon2_Linear_1	71558	5.2529915454501745	5.387469477239089	None
BS_YETTZ1NC_amplicon3_ecDNA_1	7491065	7.183938638278802	7.212659248376174	LowCN
BS_YETTZ1NC_amplicon4_ecDNA_1	33446	10.102377523632484	10.102377523632484	None
BS_25VZM81R_amplicon1_ecDNA_1	889124	116.84784770062765	116.84784770062765	None
BS_A70G7S2W_amplicon1_ecDNA_1	1175170	290.6704798589228	306.7479785904074	None
BS_WH8KWW5J_amplicon1_ecDNA_1	10864714	8.172583329272952	16.424175682521263	None
BS_WH8KWW5J_amplicon2_Linear_1	58701	6.144352089540295	6.144352089540295	None
BS_WH8KWW5J_amplicon3_Linear_1	84936	5.413490071336963	5.413490071336963	None
BS_WH8KWW5J_amplicon4_Complex-non-cyclic_1	129568	5.015979433054734	5.804596931577846	None
BS_WH8KWW5J_amplicon5_Linear_1	59933	5.703211532461908	5.703211532461908	None
BS_WH8KWW5J_amplicon6_Linear_1	169090	6.215084724275768	6.215084724275768	None
BS_4NPEMNAD_amplicon1_ecDNA_1	2204953	129.69652742998525	129.69652742998525	None
BS_F0GNWEJJ_amplicon1_Linear_1	247847	4.746919719071393	4.746919719071393	LowCN
BS_F0GNWEJJ_amplicon2_Linear_1	170471	4.585653532878781	4.585653532878781	LowCN
BS_F0GNWEJJ_amplicon3_Linear_1	116065	4.702859495480319	4.702859495480319	LowCN
BS_A1DV9T7G_amplicon1_ecDNA_1	90820	5.370166542869684	7.147138067789057	LowCN
BS_A1DV9T7G_amplicon2_Linear_1	52704	5.676596352122787	5.676596352122787	None
BS_A1DV9T7G_amplicon3_Linear_1	71806	5.72140691271081	5.72140691271081	None
BS_A1DV9T7G_amplicon4_ecDNA_1	2711481	8.5675695174146	9.647873366362036	None
BS_A1DV9T7G_amplicon5_Linear_1	94786	6.16466934853379	6.16466934853379	None
BS_A1DV9T7G_amplicon6_Complex-non-cyclic_1	313116	6.071369046306919	6.372889134820112	None
BS_A1DV9T7G_amplicon7_Linear_1	84936	6.142341773543622	6.585101245279865	None
BS_K07KNTFY_amplicon1_ecDNA_1	684276	5.02059570861	9.95009403234	None
BS_69VS8PS1_amplicon1_ecDNA_1	775114	5.590984575548668	6.03560635526941	LowCN
BS_TE8QFF7T_amplicon1_ecDNA_1	765325	6.920425474406924	10.787598298164507	None
BS_XJZQA3AP_amplicon1_ecDNA_1	15775447	27.93902026064669	77.6924838565957	None
BS_0ZR4XA69_amplicon1_Linear_1	81000	5.61915950157704	5.61915950157704	None
BS_GWPJKM7G_amplicon1_ecDNA_1	5963303	39.48773351447581	109.15217970090238	None
BS_GWPJKM7G_amplicon2_ecDNA_1	666288	6.564407424750194	6.564407424750198	LowCN
BS_SQSH5G7A_amplicon1_BFB_1	560630	6.745310936820718	6.745310936820718	LowCN
BS_8SYN7GXG_amplicon1_Linear_1	1414146	6.390264182833795	6.390264182833795	None
BS_8SYN7GXG_amplicon2_ecDNA_1	4158472	44.79461371352604	47.22097383658391	None
BS_8SYN7GXG_amplicon3_Linear_1	85863	5.278768760635589	6.151926702351315	None
BS_3Z40EZHD_amplicon1_BFB_1	971646	7.5550476611310495	8.421300646795746	None
BS_JRFVST47_amplicon1_Complex-non-cyclic_1	4883179	7.548435972483627	9.731848633442127	None
BS_JRFVST47_amplicon2_ecDNA_1	2372906	6.60710697493595	9.523617985256132	None
BS_7GKF6M85_amplicon1_ecDNA_1	1174859	8.116030910190071	8.116030910190071	None
BS_AHAXPFG3_amplicon1_ecDNA_1	119490	10.356948693252738	11.319788185285173	None
BS_AHAXPFG3_amplicon2_Linear_1	1784352	7.428429464749557	7.42842946474956	None
BS_HEJ72V3F_amplicon1_Complex-non-cyclic_1	1846333	8.06827189282269	14.184173668109185	None
BS_HEJ72V3F_amplicon2_Linear_1	1784353	8.056590412703034	8.056590412703036	None
BS_4DQAQFQH_amplicon1_Linear_1	568169	4.93237249193952	4.93237249193952	LowCN
BS_4DQAQFQH_amplicon2_Linear_1	1634261	4.8020189027032165	8.278465637150742	None
BS_4DQAQFQH_amplicon3_Linear_1	136961	4.853674691956946	4.853674691956946	LowCN
BS_4DQAQFQH_amplicon5_Linear_1	588499	5.008221993484837	5.008221993484837	None
BS_TQ0J7WJQ_amplicon1_Linear_1	89288	5.289889232706442	5.289889232706442	None
BS_B19AWBBW_amplicon1_Complex-non-cyclic_1	9966764	8.283183914212188	10.544747072319279	None
BS_JD05XR6E_amplicon1_ecDNA_1	1232089	18.76494021838241	19.851180966913603	None
BS_CBMAWSAR_amplicon1_Complex-non-cyclic_1	199015	7.320444555494653	9.831416005663598	None
BS_CBMAWSAR_amplicon2_Complex-non-cyclic_1	6387041	9.02976395025344	13.388508028228575	None
BS_CBMAWSAR_amplicon3_Linear_1	75106	5.97378427145822	6.081474521776872	None
BS_ZSH09N84_amplicon1_Complex-non-cyclic_1	8338175	10.152478218901193	16.679511019149032	None
BS_RWJ0571Q_amplicon1_ecDNA_1	696217	32.134944343780724	35.17335774053524	None
BS_RWJ0571Q_amplicon1_ecDNA_2	733467	7.42725536766558	10.204850620399547	None
BS_RWJ0571Q_amplicon1_ecDNA_3	97779	9.100311232965295	11.36631149870846	None
BS_RWJ0571Q_amplicon1_ecDNA_4	292373	6.876148060695933	8.188739498185493	None
BS_682Z7WH6_amplicon1_Linear_1	1229700	10.936200536730835	10.936200536730835	None
BS_AF5D41PD_amplicon1_ecDNA_1	211830	7.366439078221782	7.366439078221782	LowCN
BS_AF5D41PD_amplicon2_Complex-non-cyclic_1	1272309	5.793331388522738	8.994952970489246	None
BS_HYKV2TH9_amplicon1_ecDNA_1	1303251	5.4758248418015105	5.517200255588139	LowCN
BS_HYKV2TH9_amplicon2_ecDNA_1	44071	32.560468288919495	32.560468288919495	None
BS_HYKV2TH9_amplicon2_ecDNA_2	2551164	17.22688127198212	31.47113537762557	None
BS_NNFDFAFM_amplicon1_Linear_1	4294129	5.373344750483822	5.613885513409074	None
BS_JEZBA2EW_amplicon1_Linear_1	129996	5.092885644274993	5.092885644274993	None
BS_JEZBA2EW_amplicon2_Linear_1	509060	7.565396525112218	8.566381615301685	None
SJACT001_D_amplicon1_ecDNA_1	359624	9.387355957005624	9.448368447627391	None
SJACT001_D_amplicon2_Complex-non-cyclic_1	75124	6.766742502398481	6.766742502398481	None
SJACT005_D_amplicon10_Linear_1	211172	5.792998163375481	5.792998163375481	None
SJACT005_D_amplicon11_Linear_1	206781	5.9768563153406085	6.768848985855254	None
SJACT005_D_amplicon13_Complex-non-cyclic_1	1044598	5.72013321811645	6.869188565349537	None
SJACT005_D_amplicon14_Linear_1	80398	5.210155428798833	5.210155428798833	None
SJACT005_D_amplicon15_Linear_1	188686	6.006843074806727	6.168707823824201	None
SJACT005_D_amplicon1_Complex-non-cyclic_1	425154	5.965931998971355	5.965931998971355	None
SJACT005_D_amplicon2_Linear_1	72882	5.632834067973804	5.632834067973804	None
SJACT005_D_amplicon4_Linear_1	179234	4.553711773478986	6.313928906749613	None
SJACT005_D_amplicon5_Linear_1	458909	5.90168984107774	5.92291561949537	None
SJACT005_D_amplicon6_Linear_1	75974	5.465645912593823	5.465645912593823	None
SJACT005_D_amplicon7_Complex-non-cyclic_1	156929	5.911298104396258	5.928356969518175	None
SJACT005_D_amplicon9_ecDNA_1	81799	5.525285824990777	6.7650977432317045	LowCN
SJACT030812_D1_amplicon1_Complex-non-cyclic_1	5929616	8.463924249948667	9.122947353409295	None
SJACT069_D_amplicon1_Linear_1	547851	6.192336892353398	6.192336892353398	None
SJACT069_D_amplicon2_ecDNA_1	701181	5.900541263213139	5.980700691273947	LowCN
SJACT069_D_amplicon3_ecDNA_1	154418	5.006437428279315	5.006437428279315	LowCN
SJACT069_D_amplicon4_Complex-non-cyclic_1	1946714	6.071382425955269	6.917813612043191	None
SJACT069_D_amplicon5_Linear_1	2404599	6.16490276806683	6.16490276806683	None
SJBT030078_D1_amplicon1_BFB_1	335621	6.794503574988165	7.082839716164544	LowCN
SJBT030809_D1_amplicon1_ecDNA_1	73806	13.796999009774186	13.796999009774186	None
SJBT030809_D1_amplicon2_Linear_1	238964	5.922027698265783	5.922027698265783	None
SJHGG002_D_amplicon1_ecDNA_1	941443	5.546009001747269	5.546009001747269	LowCN
SJHGG004_D_amplicon1_BFB_1	237488	5.6059194473388745	11.843782256109655	None
SJHGG010_D_amplicon1_Linear_1	9983742	5.390962275616274	5.782286317258172	None
SJHGG011_D_amplicon1_Linear_1	2016755	7.03364253736263	7.046094939263595	None
SJHGG011_D_amplicon2_Complex-non-cyclic_1	155457	5.842953287153009	5.842953287153009	None
SJHGG011_D_amplicon3_Complex-non-cyclic_1	541364	10.817053019720241	10.90186855139927	None
SJHGG011_D_amplicon4_ecDNA_1	154122	5.364330881086462	5.988637882660821	LowCN
SJHGG011_D_amplicon5_ecDNA_1	375173	9.764634590925953	9.764634590925953	None
SJHGG019_E_amplicon1_Linear_1	3403777	10.038942643479345	14.457444090816816	None
SJHGG019_E_amplicon2_ecDNA_1	2592806	43.190896922618315	106.18903498534264	None
SJHGG019_S_amplicon1_ecDNA_1	2725654	39.02352311847617	151.85771696589285	None
SJHGG019_S_amplicon2_BFB_1	3403777	9.202022923581398	11.910506379642014	None
SJHGG022_D_amplicon1_Linear_1	1868735	5.07959279274875	5.55614995728263	None
SJHGG030230_D1_amplicon1_ecDNA_1	211403	5.1840950391129015	5.4512749209526214	LowCN
SJHGG030230_R1_amplicon1_ecDNA_1	436086	13.624719895234861	17.628917901416155	None
SJHGG044_D_amplicon1_ecDNA_1	648542	13.331407139721088	13.708840898707189	None
SJHM030102_D1_amplicon1_Linear_1	3053374	6.686410997295201	6.686410997295868	None
SJLGG040_D_amplicon1_ecDNA_1	469438	11.037627038476009	11.045078900811735	None
SJMEL030508_D1_amplicon1_Linear_1	62833	6.0038301734768424	6.0038301734768424	None
SJMEL030604_D1_amplicon1_Complex-non-cyclic_1	626808	5.301017233197788	5.942605346340221	None
SJNBL001_D_amplicon1_Complex-non-cyclic_1	2509113	13.169420968990439	15.275745963380123	None
SJNBL004_D_amplicon1_ecDNA_1	1340584	68.86311728141554	72.05666507881618	None
SJNBL007_D_amplicon1_Linear_1	78939	7.576018536796422	7.576018536796422	None
SJNBL008_D_amplicon1_ecDNA_1	298371	311.8193269864109	317.0074834080126	None
SJNBL010_D_amplicon1_ecDNA_1	2859834	65.70456808542738	68.2323779954219	None
SJNBL012_D_amplicon1_ecDNA_1	1567876	149.25917486426823	149.6535326937385	None
SJNBL013_D_amplicon1_Linear_1	69789	6.313590437371853	6.313590437371853	None
SJNBL014_D_amplicon1_ecDNA_1	1825407	9.354481182663076	9.456807731154132	None
SJNBL015_D_amplicon1_Linear_1	126596	7.82563651338154	7.82563651338154	None
SJNBL016_D_amplicon1_ecDNA_1	5400948	43.33797503024166	314.56496009296967	None
SJNBL017_D_amplicon1_ecDNA_1	812354	228.53254942010926	242.33047873088435	None
SJNBL019_D_amplicon1_ecDNA_1	285906	284.02572763062335	284.02572763062335	None
SJNBL021_D_amplicon1_ecDNA_1	285812	8.33797150284593	8.863304812788742	None
SJNBL023_D_amplicon1_ecDNA_1	3833356	50.780071088047556	101.22510742058746	None
SJNBL027_D_amplicon1_ecDNA_1	1195571	356.9377764015467	414.1325693539661	None
SJNBL030096_D1_amplicon1_ecDNA_1	693447	126.62968989095323	161.962971101186	None
SJNBL030107_D1_amplicon1_ecDNA_1	861994	478.3169394618496	605.3923511799037	None
SJNBL030177_D1_amplicon1_ecDNA_1	817981	156.70439666066378	305.6018655123608	None
SJNBL030820_D1_amplicon1_ecDNA_1	883365	303.7875426924563	331.8556817601602	None
SJNBL030_D_amplicon1_ecDNA_1	3070690	73.41680948835065	76.23438349108513	None
SJNBL031239_D1_amplicon1_ecDNA_1	1528033	25.192807857610937	48.447033428749734	None
SJNBL033_D_amplicon1_ecDNA_1	315506	338.171274533537	351.6634366737087	None
SJNBL037_D_amplicon1_Linear_1	71002	5.6467850825234684	5.6467850825234684	None
SJNBL037_D_amplicon2_Linear_1	72269	7.124633999679487	8.25866879062633	None
SJNBL044_D_amplicon1_ecDNA_1	3356449	55.2324600778155	63.46630365123193	None
SJNBL046_D_amplicon1_BFB_1	723762	145.28869063715143	146.99407631520918	None
SJNBL101_D_amplicon1_ecDNA_1	1746123	170.97872847515376	170.97872847515393	None
SJNBL105_D_amplicon1_BFB_1	723762	113.85903208023271	115.57201698395905	None
SJNBL117_D_amplicon1_ecDNA_1	655718	267.4860657167004	277.545888593077	None
SJNBL124_D_amplicon1_BFB_1	892078	192.38966551807425	193.70787025452495	None
SJNBL124_D_amplicon1_ecDNA_1	889030	192.38966551807425	193.70787025452495	None
SJNBL186_R_amplicon1_ecDNA_1	151914	6.164359465126651	7.429846532061764	LowCN
SJNBL187_R_amplicon1_ecDNA_1	515722	707.815480809869	771.1572531157316	None
SJNBL189_R_amplicon1_ecDNA_1	905954	634.5280027879945	701.6599241910795	None
SJNBL191_R_amplicon1_ecDNA_1	1603962	98.37465230649407	112.75040288572937	None
SJNBL192_R_amplicon1_ecDNA_1	562396	447.5804041346645	638.2404026264596	None
SJNBL193_R_amplicon1_Linear_1	140562	6.87785380382322	6.87785380382322	None
SJNBL194_R_amplicon1_ecDNA_1	2040570	166.071303983967	325.6392272120259	None
SJNBL194_R_amplicon2_Linear_1	715740	23.847686831069215	25.872773373157397	None
SJNBL195_R_amplicon1_ecDNA_1	1336063	32.5893154366621	63.83908096862811	None
SJNBL196_R_amplicon1_ecDNA_1	620467	9.219603651637351	9.2422667265392	None
SJNBL197_R_amplicon1_ecDNA_1	69166	7.239074779866753	7.239074779866753	LowCN
SJNBL198_R_amplicon1_ecDNA_1	436335	374.0269857765266	415.8937098708028	None
SJOS001101_M8_amplicon1_Linear_1	157980	5.669101429855477	5.669101429855477	None
SJOS001101_M8_amplicon2_ecDNA_1	203607	7.31697345006521	7.31697345006521	LowCN
SJOS001101_M8_amplicon3_ecDNA_1	1602652	11.633304745157513	15.618103055752702	None
SJOS001101_M8_amplicon4_Complex-non-cyclic_1	92748	5.946227197809551	5.946227197809551	None
SJOS001101_M8_amplicon5_Linear_1	393097	5.48296387667844	5.773517662235479	None
SJOS001101_M8_amplicon6_Linear_1	95787	5.083902417167713	5.083902417167713	None
SJOS001101_M8_amplicon7_Linear_1	465668	7.71579108192585	7.71579108192585	None
SJOS001103_D1_amplicon1_Linear_1	418739	6.902141533453301	7.093474243547166	None
SJOS001103_D1_amplicon2_Complex-non-cyclic_1	2442735	7.298114653453329	9.937608864397799	None
SJOS001103_D1_amplicon3_Linear_1	1401849	5.131604386932613	5.837755910144291	None
SJOS001103_D1_amplicon4_Linear_1	6963967	7.607375540145417	7.607375540145467	None
SJOS001103_D1_amplicon5_Linear_1	529046	6.314637757987194	6.314637757987194	None
SJOS001103_D1_amplicon6_Complex-non-cyclic_1	606460	7.203662820783105	7.903633885721628	None
SJOS001103_D1_amplicon7_Complex-non-cyclic_1	2161804	5.367472412197439	9.205342444719777	None
SJOS001104_M1_amplicon1_ecDNA_1	1977083	57.30462816203767	75.40717708162977	None
SJOS001105_D1_amplicon1_Linear_1	580467	5.305544199846494	5.305544199846494	None
SJOS001105_D1_amplicon2_Linear_1	354268	5.39482532753564	5.544761885217093	None
SJOS001105_D1_amplicon3_ecDNA_1	39694	5.670733459665795	6.150481261937589	LowCN
SJOS001105_D1_amplicon3_ecDNA_2	73057	8.65151382860414	9.646329215501012	None
SJOS001105_D1_amplicon4_Linear_1	1380728	6.281686581630565	6.28786266529681	None
SJOS001105_D1_amplicon5_Linear_1	66521	5.825068046504731	5.825068046504731	None
SJOS001105_D1_amplicon6_Linear_1	1293064	6.113962101614737	6.113962101614737	None
SJOS001105_D1_amplicon7_Linear_1	461128	6.456515756014873	6.456515756014873	None
SJOS001106_D1_amplicon1_Complex-non-cyclic_1	6809054	9.386901043191004	15.138230766599074	None
SJOS001106_D1_amplicon2_Linear_1	225450	5.788507723412375	5.788507723412375	None
SJOS001106_D1_amplicon3_Linear_1	1815449	7.6433522639134255	8.931751552768112	None
SJOS001106_D1_amplicon4_Complex-non-cyclic_1	261838	6.007041433980482	7.36556349535283	None
SJOS001106_D1_amplicon5_Complex-non-cyclic_1	4553284	7.221627435336089	10.833818194123312	None
SJOS001107_M1_amplicon1_Complex-non-cyclic_1	12050087	5.7636386137936535	6.426502163511072	None
SJOS001108_M1_amplicon1_ecDNA_1	746400	5.918093405467705	10.834057864980846	None
SJOS001108_M1_amplicon3_Linear_1	1686909	5.467120881264551	7.582632706653037	None
SJOS001109_D1_amplicon10_Complex-non-cyclic_1	233584	5.08059888334999	5.798354188037482	None
SJOS001109_D1_amplicon11_Complex-non-cyclic_1	2269975	8.556699132226083	11.884110477261869	None
SJOS001109_D1_amplicon12_Complex-non-cyclic_1	296295	8.335064760342894	8.335064760342894	None
SJOS001109_D1_amplicon1_Linear_1	159234	5.862288010303649	5.862288010303649	None
SJOS001109_D1_amplicon2_Complex-non-cyclic_1	1501303	7.164521122880093	11.559337079942699	None
SJOS001109_D1_amplicon3_ecDNA_1	6622344	8.225624739960274	8.846704377154689	None
SJOS001109_D1_amplicon4_Linear_1	1133569	5.515795277699393	5.9385797895931285	None
SJOS001109_D1_amplicon6_Linear_1	100473	5.564784467000165	5.564784467000165	None
SJOS001109_D1_amplicon7_Linear_1	931365	5.532037778932359	5.898808816232165	None
SJOS001109_D1_amplicon8_Linear_1	370746	5.985543226155853	5.985543226155853	None
SJOS001109_D1_amplicon9_ecDNA_1	636103	16.238112508741757	22.862437603904034	None
SJOS001109_D1_amplicon9_ecDNA_2	612567	9.285492891904504	12.626751102804397	None
SJOS001109_D1_amplicon9_ecDNA_3	22655	17.277755780938488	22.428897962814798	None
SJOS001109_D1_amplicon9_ecDNA_4	4048602	8.90712739548204	25.753293801086063	None
SJOS001109_D1_amplicon9_ecDNA_5	10945	8.059644361907862	8.059644361907862	None
SJOS001109_D1_amplicon9_ecDNA_6	5781351	25.77362514875409	35.833870820897566	None
SJOS001109_D1_amplicon9_ecDNA_7	471378	6.3362320003655395	9.806761851223932	None
SJOS001110_D1_amplicon1_ecDNA_1	1542719	8.322826528269877	8.322826528269877	None
SJOS001111_M1_amplicon10_Complex-non-cyclic_1	504922	4.468502183152932	5.028609560928273	None
SJOS001111_M1_amplicon11_Linear_1	263154	5.8512891844224395	5.8512891844224395	None
SJOS001111_M1_amplicon12_Complex-non-cyclic_1	699131	6.410773494269048	8.667427784585222	None
SJOS001111_M1_amplicon13_Linear_1	1685261	6.8884917738799425	7.360910804076294	None
SJOS001111_M1_amplicon14_Linear_1	357742	5.511356328030566	5.561477976561653	None
SJOS001111_M1_amplicon1_Complex-non-cyclic_1	732895	4.596498844177237	5.675603060528759	None
SJOS001111_M1_amplicon2_Linear_1	117692	5.747988779489169	7.5046334070026495	None
SJOS001111_M1_amplicon3_ecDNA_1	22224	19.03133396776492	19.03133396776492	None
SJOS001111_M1_amplicon3_ecDNA_2	246468	8.861454181748316	10.054348439094044	None
SJOS001111_M1_amplicon3_ecDNA_3	34960	10.06241365705281	10.06241365705281	None
SJOS001111_M1_amplicon4_ecDNA_1	600017	7.3744080125585505	8.551467399042672	None
SJOS001111_M1_amplicon5_Linear_1	228091	5.981665107242956	5.981665107242956	None
SJOS001111_M1_amplicon6_Linear_1	836277	6.216555792125863	6.216555792125863	None
SJOS001111_M1_amplicon7_Linear_1	350984	5.674538987548319	5.674538987548319	None
SJOS001111_M1_amplicon8_Linear_1	565381	5.872228805364178	5.872228805364178	None
SJOS001111_M1_amplicon9_Linear_1	82993	5.4640397651103525	5.4640397651103525	None
SJOS001115_D1_amplicon1_Linear_1	582243	6.5964072036495285	7.69052583737022	None
SJOS001115_D1_amplicon2_Linear_1	114452	6.175058082603485	6.7311011893091255	None
SJOS001115_D1_amplicon3_Linear_1	145930	4.614223359549798	4.614223359549798	LowCN
SJOS001115_D1_amplicon5_Linear_1	207706	5.053203471868953	5.053203471868953	None
SJOS001115_D1_amplicon6_ecDNA_1	1547150	12.010517408850445	15.198679386841222	None
SJOS001115_D1_amplicon6_ecDNA_2	10820418	5.492085440641137	13.59616676443559	None
SJOS001115_D1_amplicon7_Linear_1	331071	5.234715766447884	5.234715766447884	None
SJOS001115_D1_amplicon8_Linear_1	112625	7.099113337337364	7.099113337337364	None
SJOS001117_D1_amplicon1_Linear_1	747890	7.90858387291696	9.844016837107436	None
SJOS001117_D1_amplicon2_Linear_1	130896	5.105136752345517	5.105136752345517	None
SJOS001117_D1_amplicon3_Linear_1	180143	4.813061868281923	4.813061868281923	LowCN
SJOS001119_D1_amplicon1_Linear_1	1036799	5.0058294031155866	5.0058294031155866	None
SJOS001120_D1_amplicon1_Complex-non-cyclic_1	3051280	6.430370740828824	8.750198224993444	None
SJOS001120_D1_amplicon2_Linear_1	98739	6.125261287104628	6.125261287104628	None
SJOS001120_D1_amplicon3_Linear_1	192105	4.813766376915917	4.831177705840566	LowCN
SJOS001120_D1_amplicon4_Linear_1	289546	5.367283180494954	5.367283180494954	None
SJOS001120_D1_amplicon5_ecDNA_1	152024	7.424531437922637	7.897757470021701	LowCN
SJOS001120_D1_amplicon6_Linear_1	1324079	5.987642684520191	5.987642684520191	None
SJOS001120_D1_amplicon7_Complex-non-cyclic_1	467966	5.716213192434704	6.20927519942711	None
SJOS001120_D1_amplicon8_Linear_1	300930	6.104105877474357	6.104105877474357	None
SJOS001124_D1_amplicon1_Complex-non-cyclic_1	5181838	5.039886405808404	10.29219777633276	None
SJOS001125_D1_amplicon1_Complex-non-cyclic_1	723772	5.92053637599513	5.92053637599513	None
SJOS001125_D1_amplicon2_Complex-non-cyclic_1	7243798	6.926588993263843	26.625795512701366	None
SJOS001125_D1_amplicon3_Complex-non-cyclic_1	877542	5.615870878115931	6.0139258471302295	None
SJOS001126_D1_amplicon1_ecDNA_1	8133740	20.814983982599042	50.14245735307799	None
SJOS001128_D1_amplicon1_Linear_1	507170	5.93447050166516	5.93447050166516	None
SJOS001128_D1_amplicon2_Linear_1	2138415	6.213927075313599	6.871851292030269	None
SJOS001128_D1_amplicon3_Linear_1	208952	4.442107421434279	5.636530846394493	None
SJOS001128_D1_amplicon4_Complex-non-cyclic_1	2051164	5.321690122535869	5.681508942137618	None
SJOS001128_D1_amplicon5_Linear_1	366840	6.479293563507388	6.479293563507388	None
SJOS001128_D1_amplicon6_ecDNA_1	1704084	5.887561774985808	10.140972540617916	None
SJOS001128_D1_amplicon7_Complex-non-cyclic_1	1052767	5.669117803670522	5.9663877322180126	None
SJOS002_D_amplicon1_ecDNA_1	10103186	11.11815742655524	28.86165818486621	None
SJOS003_D_amplicon1_ecDNA_1	2461304	7.873618482306595	10.338557169439362	None
SJOS004_D_amplicon1_Linear_1	1866202	5.595015033721791	5.744909860028671	None
SJOS004_D_amplicon2_Complex-non-cyclic_1	1803857	6.60808606161143	7.148782936551313	None
SJOS004_D_amplicon3_ecDNA_1	1425873	25.036369634548677	37.79761158058899	None
SJOS004_D_amplicon3_ecDNA_2	1016873	9.058852427076989	18.564574482814518	None
SJOS004_D_amplicon3_ecDNA_3	925312	22.475338503195957	34.83478229219249	None
SJOS004_D_amplicon3_ecDNA_4	17199	6.888249960189604	6.888249960189604	LowCN
SJOS004_D_amplicon3_ecDNA_5	2871032	14.940327254225682	34.50416050216744	None
SJOS004_D_amplicon4_Linear_1	154839	5.641126097348795	5.641126097348795	None
SJOS004_D_amplicon5_Linear_1	505502	5.532500332319851	5.532500332319851	None
SJOS004_D_amplicon7_Linear_1	1635012	5.589914669979712	5.691733151367582	None
SJOS005_D_amplicon1_Complex-non-cyclic_1	1499625	6.374730746353203	7.00300626062955	None
SJOS005_D_amplicon2_Complex-non-cyclic_1	16496079	8.059142598932675	14.987949441736994	None
SJOS005_D_amplicon3_Complex-non-cyclic_1	6117338	5.546687654753901	11.922500494536182	None
SJOS006_D_amplicon1_ecDNA_1	223847	5.988464425338668	5.988464425338668	LowCN
SJOS006_D_amplicon2_ecDNA_1	64025	6.771013802153193	6.771013802153193	LowCN
SJOS006_D_amplicon3_Complex-non-cyclic_1	155258	7.076566973689467	7.455216323703341	None
SJOS006_D_amplicon4_Linear_1	764332	7.415464709504848	7.415464709504848	None
SJOS008_D_amplicon1_Linear_1	78271	14.78875443362316	14.78875443362316	None
SJOS008_D_amplicon2_Complex-non-cyclic_1	2794709	12.730435340751038	16.91659588096087	None
SJOS010_M_amplicon1_BFB_1	2771196	6.099901246254922	8.90755707218334	None
SJOS011_D_amplicon1_Linear_1	170278	5.269429639493716	5.269429639493716	None
SJOS014_D_amplicon1_Complex-non-cyclic_1	112142	6.5054174891879	6.5054174891879	None
SJOS014_D_amplicon2_Complex-non-cyclic_1	559551	5.950986836692384	6.020650702111558	None
SJOS014_D_amplicon3_ecDNA_1	8502869	8.197816930083432	14.136569587201306	None
SJOS014_D_amplicon3_ecDNA_2	4479075	8.673396541207408	14.293225857997744	None
SJOS014_D_amplicon4_Complex-non-cyclic_1	198893	5.540583437069299	5.540583437069299	None
SJOS014_D_amplicon5_Linear_1	190334	4.980117956673343	4.980117956673343	LowCN
SJOS014_D_amplicon6_Linear_1	381985	5.565349476850209	5.565349476850209	None
SJOS014_D_amplicon7_Linear_1	113712	6.677281837999123	6.677281837999123	None
SJOS014_D_amplicon8_Complex-non-cyclic_1	265879	5.48437811842178	5.958826530680056	None
SJOS015_D_amplicon1_ecDNA_1	2748851	13.22573375359043	13.603612399591126	None
SJOS016_D_amplicon1_ecDNA_1	104216	53.21270136933347	53.21270136933347	None
SJOS016_D_amplicon2_Linear_1	110280	5.221259548052168	5.221259548052168	None
SJOS019_D_amplicon1_Linear_1	91308	6.4889221773043015	6.4889221773043015	None
SJOS019_D_amplicon2_ecDNA_1	359544	6.492057080952212	10.871320105572561	None
SJOS019_D_amplicon2_ecDNA_2	6128413	9.064995294372471	17.116774546089903	None
SJOS030101_D1_amplicon1_ecDNA_1	1357286	7.942273987321599	14.817863763771621	None
SJOS030101_D1_amplicon2_Linear_1	60989	5.206900782491571	5.206900782491571	None
SJOS030101_D1_amplicon3_Complex-non-cyclic_1	1076492	5.964612425485837	8.831403906480002	None
SJOS030101_D1_amplicon4_Linear_1	112744	5.607111877212881	5.607111877212881	None
SJOS030129_D1_amplicon1_Linear_1	213585	5.834356853841007	5.834356853841007	None
SJOS030272_D1_amplicon1_ecDNA_1	154695	11.118328636878356	11.118328636878356	None
SJOS030272_D1_amplicon1_ecDNA_2	3191734	9.366366593106424	22.007829988183367	None
SJOS030272_D1_amplicon1_ecDNA_3	23523	10.53630045588897	10.53630045588897	None
SJOS030279_D1_amplicon1_Complex-non-cyclic_1	7137695	6.689383003663272	10.103871480444353	None
SJOS030422_D1_amplicon1_Linear_1	167349	5.76125647107895	5.76125647107895	None
SJOS030422_D1_amplicon2_ecDNA_1	322294	9.841295733773695	10.975260192675261	None
SJOS030422_D1_amplicon3_Linear_1	232395	4.485389166348116	7.469390036464761	None
SJOS030597_D1_amplicon1_Linear_1	143291	5.4183907072952335	5.4183907072952335	None
SJOS030605_D1_amplicon1_Complex-non-cyclic_1	3964846	5.406085821625651	9.93980418800589	None
SJOS030605_D1_amplicon2_ecDNA_1	12088	14.653998723740271	14.653998723740271	None
SJOS030605_D1_amplicon2_ecDNA_2	19826104	11.219371623554915	45.22891217626781	None
SJOS030605_D1_amplicon3_Linear_1	88473	5.596579507149567	5.596579507149567	None
SJOS030605_D1_amplicon4_Linear_1	87332	5.37654582359205	5.37654582359205	None
SJOS030605_D1_amplicon5_Linear_1	72976	5.190527921008618	5.190527921008618	None
SJOS030605_D1_amplicon6_Linear_1	1041144	5.127413946947702	5.912874176238379	None
SJOS030645_D1_amplicon2_ecDNA_1	71364	6.037441542438554	6.362509413625359	LowCN
SJOS030645_D1_amplicon2_ecDNA_2	75517	5.88420716521222	5.88420716521222	LowCN
SJOS031071_D1_amplicon1_Linear_1	181059	5.352325212104336	5.352325212104336	None
SJOS031071_D1_amplicon2_Complex-non-cyclic_1	36252194	6.641199468421363	10.77693362254157	None
SJOS031071_D1_amplicon3_Linear_1	167115	5.117376939649196	5.117376939649196	None
SJOS031125_D1_amplicon1_ecDNA_1	10837462	8.144039671296243	16.79527649121782	None
SJOS031130_D1_amplicon1_ecDNA_1	4816508	14.858840729908978	19.660436541610075	None
SJOS031130_D1_amplicon1_ecDNA_2	1092363	10.711172198219685	12.71961628123862	None
SJOS031130_D1_amplicon1_ecDNA_3	2752060	8.17172759290624	10.424436523323333	None
SJOS031130_D1_amplicon1_ecDNA_4	17036	7.039296971351905	7.039296971351905	LowCN
SJRB001_D_amplicon1_ecDNA_1	2716702	37.67329355649315	38.23111146132667	None
SJRB011_D_amplicon1_ecDNA_1	3425381	79.66398302210841	79.66398302210841	None
SJRB030065_D1_amplicon1_ecDNA_1	1785038	8.511411181409152	8.511411181409152	None
SJRB030065_D1_amplicon2_Linear_1	1790454	14.927714007810692	14.927714007810692	None
SJRB030188_D1_amplicon1_ecDNA_1	1139454	72.1802784088022	72.1802784088022	None
SJRB030199_D1_amplicon1_ecDNA_1	5283232	11.179811415533207	13.803397053105492	None
SJRB039_D_amplicon1_ecDNA_1	1192645	28.107213680575274	28.749638228207527	None
SJRB039_D_amplicon2_ecDNA_1	1379543	25.453128372520336	25.453128372520336	None
SJRB039_D_amplicon2_ecDNA_2	299447	10.349719629391359	10.561884640346255	None
SJRHB001_D_amplicon1_ecDNA_1	2922935	99.13398113671563	176.71865196792	None
SJRHB003_D_amplicon1_Complex-non-cyclic_1	7822439	6.7008786181343405	10.703236574509726	None
SJRHB003_D_amplicon2_Complex-non-cyclic_1	1042633	6.777390820877631	7.201924605331673	None
SJRHB003_D_amplicon3_Linear_1	462132	6.176095709086738	6.222515506063893	None
SJRHB003_D_amplicon4_Linear_1	1437731	11.597426179576129	11.597426179576129	None
SJRHB003_D_amplicon5_Linear_1	485760	6.0650607299701305	9.586200665412054	None
SJRHB003_D_amplicon6_Complex-non-cyclic_1	1029351	7.290868850484033	10.462303369150668	None
SJRHB003_D_amplicon7_Linear_1	53684	5.945596792720389	5.945596792720389	None
SJRHB003_D_amplicon8_ecDNA_1	5398798	19.879067393335394	84.78355715387077	None
SJRHB003_D_amplicon9_Complex-non-cyclic_1	11783960	6.235685611508103	10.194005581302102	None
SJRHB004_D_amplicon1_ecDNA_1	1318889	21.2019968030208	23.831021054962385	None
SJRHB004_D_amplicon1_ecDNA_2	1870989	8.333010124652581	12.622828442527158	None
SJRHB006_D_amplicon1_ecDNA_1	4797081	8.228718795393789	25.159933764608805	None
SJRHB008_D_amplicon1_ecDNA_1	2302572	13.589317577421461	29.42480244737696	None
SJRHB009_D_amplicon1_ecDNA_1	875203	5.764006560100708	5.780521576479293	LowCN
SJRHB012_S_amplicon1_ecDNA_1	1556499	57.252746440830286	107.49303624303488	None
SJRHB012_S_amplicon2_ecDNA_1	837840	103.133397510938	112.52512256133313	None
SJRHB030264_D1_amplicon1_Linear_1	498844	5.669647046598185	5.669647046598185	None
SJRHB030549_D1_amplicon1_ecDNA_1	41966	7.428421143060055	7.428421143060055	LowCN
SJRHB030549_D1_amplicon1_ecDNA_2	234016	13.228404562094743	13.500716922170339	None
SJRHB030549_D1_amplicon2_ecDNA_1	1249999	7.994311563057671	7.994311563057671	LowCN
SJRHB030787_D1_amplicon1_ecDNA_1	4687973	14.66657898962182	15.54205612411538	None
SJRHB031084_D1_amplicon1_ecDNA_1	199495	5.401988540330753	8.54559332892186	None
SJRHB031084_D1_amplicon2_ecDNA_1	334328	8.317752119107425	8.317752119107425	None
SJRHB031084_D1_amplicon2_ecDNA_2	31288	10.489919443762531	10.489919443762531	None
SJRHB031084_D1_amplicon2_ecDNA_3	9737146	8.503252095842383	25.65340336434089	None
SJRHB031084_D1_amplicon3_BFB_1	847424	7.858967928564528	16.46760229428078	None
SJRHB031084_D1_amplicon4_Linear_1	348924	7.589082917156944	9.260956250447945	None
SJRHB031084_D1_amplicon5_Linear_1	533358	9.688236256226501	9.688236256226501	None
SJRHB031117_D1_amplicon1_ecDNA_1	11496471	12.27584108342156	19.311628344996667	None
SJRHB031210_D1_amplicon1_ecDNA_1	5192174	10.508475690896857	10.576456318000739	None
SJRHB031210_D1_amplicon2_ecDNA_1	1390887	9.850406842990084	9.972856011149062	None
SJRHB031244_D2_amplicon1_ecDNA_1	1517798	5.823355582450558	8.044569872980768	None
SJST030043_D2_amplicon1_Linear_1	74495	4.756379492789821	4.756379492789821	LowCN
SJST030043_D2_amplicon2_ecDNA_1	1361423	8.190116605324668	8.190116605324668	None
SJST030043_D2_amplicon2_ecDNA_2	21953	7.811592688300642	7.811592688300642	LowCN
SJST030043_D2_amplicon2_ecDNA_3	101021	11.61576994992946	13.132843405336567	None
SJST030131_D3_amplicon1_ecDNA_1	1760683	25.810012721978097	25.810012721978097	None
SJST030131_D3_amplicon2_ecDNA_1	2158148	6.747342772850055	8.209935549445472	None
SJST030131_D3_amplicon3_Complex-non-cyclic_1	222553	5.879374068861104	6.6450613196541815	None
SJST030131_D3_amplicon4_Linear_1	1772391	9.196599003667052	10.063803859109324	None
SJST030483_D1_amplicon1_Complex-non-cyclic_1	8928273	6.162875246474207	6.597610136887277	None
SJST030483_D1_amplicon2_Linear_1	414699	6.026189161649832	6.026189161649833	None
SJST030529_D1_amplicon1_ecDNA_1	6806200	22.778092471554206	26.580887225473948	None
SJST030529_D1_amplicon1_ecDNA_2	39093	6.042484878027686	10.120676101216612	None
SJST030529_D1_amplicon1_ecDNA_3	216428	5.973778347126303	5.973778347126303	LowCN
SJST030705_D1_amplicon1_Complex-non-cyclic_1	1129423	20.26522309492478	20.83810000962036	None
SJST030730_D1_amplicon1_ecDNA_1	358161	52.89520073189776	54.15613372568972	None
SJST031189_D1_amplicon1_Complex-non-cyclic_1	638864	5.920724910405775	21.22867605859703	None
SJACT062_D_amplicon4_Linear_1	1240013	5.307382164593985	5.307382164593985	None
SJACT062_D_amplicon5_ecDNA_1	60565	5.052312706275634	5.052312706275634	LowCN
SJBALL031914_D2_amplicon1_Linear_1	90000	4.949697788214083	4.949697788214083	LowCN
SJBALL031914_D2_amplicon2_Complex-non-cyclic_1	85748	6.540216110072121	8.35087954594863	None
SJBALL031914_D3_amplicon1_Linear_1	90000	4.993001651756167	4.993001651756167	LowCN
SJBT031447_D1_amplicon1_Linear_1	70008	5.428517844559603	5.428517844559603	None
SJBT031450_D2_amplicon1_Linear_1	127504	4.89680089770617	4.89680089770617	LowCN
SJBT031605_D1_amplicon1_Complex-non-cyclic_1	325456	6.620686451048776	22.316698037405597	None
SJBT031605_D1_amplicon2_Linear_1	100001	6.276374196659981	6.276374196659981	None
SJBT032180_D1_amplicon1_ecDNA_1	77994	5.447046540648317	7.2194134600306175	LowCN
SJBT032844_D1_amplicon1_Complex-non-cyclic_1	12689033	8.665045441096371	17.904173310237248	None
SJBT032844_D1_amplicon2_Complex-non-cyclic_1	674330	4.596825692060273	4.596825692060273	LowCN
SJBT032844_D1_amplicon3_Linear_1	147276	4.9361812287766	4.9361812287766	LowCN
SJBT033249_D1_amplicon1_Complex-non-cyclic_1	125411	9.790174820893007	9.88918860342231	None
SJEPD030060_D1_amplicon1_Linear_1	87505	4.684387866553778	4.684387866553778	LowCN
SJEPD030250_D1_amplicon1_Linear_1	88474	5.716794714702841	5.716794714702841	None
SJEPD030784_D1_amplicon1_Linear_1	86400	6.603535714888395	6.603535714888395	None
SJEPD031010_D1_amplicon1_ecDNA_1	151700	5.769698610292529	5.769698610292529	LowCN
SJEPD039_D_amplicon1_Linear_1	88975	4.8149780697750275	6.063413790053087	None
SJHGG003_A_amplicon1_ecDNA_1	1852099	65.80876430329897	96.14300653592007	None
SJHGG006_A_amplicon1_Complex-non-cyclic_1	2969861	4.663560459537882	4.958604222822787	LowCN
SJHGG006_A_amplicon2_BFB_1	96786	5.4747829517846425	7.2499705231523786	LowCN
SJHGG009_A_amplicon1_BFB_1	81767	5.001367738253069	5.1122490680731465	LowCN
SJHGG009_A_amplicon2_Complex-non-cyclic_1	650972	4.795362062657129	5.61467742738491	None
SJHGG030020_D1_amplicon1_ecDNA_1	1145354	76.40019622497572	89.16692911117492	None
SJHGG030703_D1_amplicon1_Linear_1	136167	5.51995960745056	5.51995960745056	None
SJHGG030803_D2_amplicon1_ecDNA_1	18815542	7.912457247020655	28.42053308387171	None
SJHGG031184_D2_amplicon1_Linear_1	139980	4.615117500905583	5.760188210587342	None
SJHGG031184_D2_amplicon2_Linear_1	140002	4.855619093529905	4.855619093529905	LowCN
SJHGG031274_D1_amplicon1_Complex-non-cyclic_1	111034	5.860129540701835	6.853582295207955	None
SJHGG031274_D1_amplicon2_Complex-non-cyclic_1	127200	6.007144326087657	6.007144326087657	None
SJHGG031282_D1_amplicon1_ecDNA_1	1216143	11.978904774086267	12.433060306221323	None
SJHGG031322_D1_amplicon1_Complex-non-cyclic_1	414839	5.423979734208777	5.423979734208777	None
SJHGG031396_D1_amplicon1_Linear_1	129999	4.658423675111175	4.658423675111175	LowCN
SJHGG031590_D1_amplicon1_Linear_1	587617	5.687333408576866	5.687333408576866	None
SJHGG031600_D2_amplicon1_Complex-non-cyclic_1	1203867	16.826569776684938	18.652127532235948	None
SJHGG031600_D2_amplicon2_Complex-non-cyclic_1	420118	9.249385816249939	17.36695304945966	None
SJHGG031600_D2_amplicon3_ecDNA_1	1297278	5.781695222277992	10.238548587640645	None
SJHGG031600_D2_amplicon4_ecDNA_1	847428	25.868450015653316	45.874173510865845	None
SJHGG031966_D1_amplicon1_ecDNA_1	1500096	8.421965168597081	8.945970196208778	None
SJHGG032168_D1_amplicon1_ecDNA_1	1245700	10.554942668468318	10.73352978600255	None
SJHGG032206_D1_amplicon1_Linear_1	87505	5.019435279604313	5.019435279604313	None
SJHGG032466_D1_amplicon1_Linear_1	280000	8.71618674791713	8.71618674791713	None
SJHGG032492_D1_amplicon1_ecDNA_1	696720	147.53150375198024	147.6143378028952	None
SJHGG032492_D1_amplicon1_ecDNA_2	521276	37.94979074701099	38.342956189623536	None
SJHGG032625_D1_amplicon1_ecDNA_1	41105	5.131715043173882	5.131715043173882	LowCN
SJHGG032625_D1_amplicon1_ecDNA_2	814635	4.948597511827756	20.858580306356984	None
SJHGG032625_D1_amplicon2_Complex-non-cyclic_1	1918670	5.497268550977496	7.910499579773732	None
SJHGG032625_D1_amplicon3_Complex-non-cyclic_1	456977	4.737331372208856	5.984462670025717	None
SJHGG032740_D1_amplicon1_Complex-non-cyclic_1	853943	5.3012033394024245	6.182543800249514	None
SJHGG052_A_amplicon1_ecDNA_1	2385052	33.931134309013125	358.7489588474165	None
SJHGG052_A_amplicon1_ecDNA_2	1790302	27.55926932510517	28.477134080626072	None
SJHGG052_A_amplicon2_ecDNA_1	1356456	48.12149142952351	48.32842474443289	None
SJHGG059115_D1_amplicon1_Linear_1	4176738	4.907847899855617	4.933310179850129	LowCN
SJHGG059115_D1_amplicon2_Linear_1	168149	5.231138462210812	5.58874420987138	None
SJHGG059_A_amplicon1_Linear_1	90000	4.518488504896234	4.518488504896234	LowCN
SJHGG075_A_amplicon1_ecDNA_1	1483216	20.75940779046869	31.08121119587761	None
SJLGG031460_D1_amplicon1_Linear_1	87505	5.096038461880986	5.096038461880986	None
SJMB030910_D2_amplicon1_Complex-non-cyclic_1	182336	4.875690659948061	5.316965551505925	None
SJMB030910_D2_amplicon2_Complex-non-cyclic_1	960080	5.362395923681663	5.500769040212347	None
SJMB030910_D2_amplicon3_Complex-non-cyclic_1	990518	5.407858975614596	5.6148237361974775	None
SJMB030910_D2_amplicon4_Linear_1	152284	5.425421904721329	5.6132868449998945	None
SJMB030910_D2_amplicon5_Complex-non-cyclic_1	138087	5.228726445472957	5.228726445472957	None
SJMB030910_D2_amplicon6_ecDNA_1	1423911	6.418991218737418	7.7745044699494725	LowCN
SJMB031418_D2_amplicon1_ecDNA_1	127823	4.681883396858731	7.137860078695153	LowCN
SJMB031439_D1_amplicon1_ecDNA_1	838383	37.78062085350474	38.67920181640109	None
SJMB031439_D1_amplicon2_Linear_1	312919	4.8206221115963315	4.8206221115963315	LowCN
SJMB031439_D1_amplicon3_ecDNA_1	2065997	38.645982497727594	38.645982497727594	None
SJMB031476_D3_amplicon1_Complex-non-cyclic_1	89480	5.8701974871377764	5.8701974871377764	None
SJMB031813_D1_amplicon1_Linear_1	2123758	4.802305364046414	4.802305364046414	LowCN
SJMB031813_D1_amplicon2_ecDNA_1	3721991	6.920982471606023	10.036925226066074	None
SJMB031853_D1_amplicon1_ecDNA_1	358365	6.411020162715704	6.4717735692090494	LowCN
SJMB031853_D1_amplicon2_ecDNA_1	142266	6.011284366993965	6.011284366993965	LowCN
SJMB032002_D1_amplicon1_ecDNA_1	2320420	16.93857162542871	16.963761732195152	None
SJMB032351_D2_amplicon1_ecDNA_1	1004184	8.475138085169634	10.9002308822599	None
SJMB032425_D1_amplicon1_ecDNA_1	611007	18.600317812448456	33.00422062233681	None
SJMB032603_D1_amplicon1_ecDNA_1	1564174	38.05865978226247	38.05865978226247	None
SJMB032603_D1_amplicon2_Complex-non-cyclic_1	2669692	5.911013225892517	11.129001416707895	None
SJMEL031086_D3_amplicon1_ecDNA_1	13493	15.564301896922938	15.564301896922938	None
SJMEL031086_D3_amplicon1_ecDNA_2	7658193	13.271607983218393	42.87809491480892	None
SJNBL030810_D2_amplicon1_ecDNA_1	331122	7.468871915183905	7.468871915183905	LowCN
SJNBL030810_D2_amplicon2_ecDNA_1	814745	6.008162262345862	6.008162262345862	LowCN
SJNBL031668_D1_amplicon1_ecDNA_1	480164	11.463792274499715	18.364324270882445	None
SJNBL031668_D1_amplicon2_Linear_1	239549	4.781271583739567	5.200288119898389	None
SJNBL031668_D2_amplicon1_ecDNA_1	480212	23.848033737323615	37.994807822189735	None
SJNBL031802_D2_amplicon1_ecDNA_1	151651	7.87609600452783	10.749731995410166	None
SJNBL032008_D1_amplicon1_Complex-non-cyclic_1	61624	5.650028793547498	5.650028793547498	None
SJNBL032008_D1_amplicon2_Linear_1	345012	5.806093102686636	5.806093102686636	None
SJNBL032268_D1_amplicon1_Complex-non-cyclic_1	120218	8.326247383595577	11.863220330144129	None
SJNBL032268_D1_amplicon2_Linear_1	50001	6.662989237353699	6.662989237353699	None
SJNBL032779_D1_amplicon1_ecDNA_1	1031474	6.716375918355339	45.926304479935254	None
SJNBL032876_D1_amplicon1_ecDNA_1	2482877	108.5049892823389	112.44850963889019	None
SJOS001101_M2_amplicon1_Complex-non-cyclic_1	4264289	5.421679090261307	7.912879150261477	None
SJOS001101_M2_amplicon2_BFB_1	386783	5.913715221250876	9.404393068595603	None
SJOS001101_M3_amplicon1_Linear_1	265002	5.5909663432798915	5.5909663432798915	None
SJOS001101_M3_amplicon2_Complex-non-cyclic_1	2733747	6.359690246434823	6.501884514630918	None
SJOS001101_M3_amplicon3_Complex-non-cyclic_1	199345	4.854916817717146	4.854916817717146	LowCN
SJOS001101_M3_amplicon4_ecDNA_1	86902	6.916614721077707	7.176692535187383	LowCN
SJOS001101_M3_amplicon5_Complex-non-cyclic_1	242543	7.1535271934829705	9.437421537516915	None
SJOS001101_M3_amplicon6_Complex-non-cyclic_1	3264113	4.910711138834859	7.564132300663361	None
SJOS001101_M3_amplicon7_Linear_1	169041	9.687885268546513	9.687885268546513	None
SJOS001101_M5_amplicon1_Complex-non-cyclic_1	141302	5.384086693156604	5.411036113116261	None
SJOS001101_M5_amplicon2_ecDNA_1	7103848	4.63669999471563	5.699520512292296	LowCN
SJOS001101_M5_amplicon3_Linear_1	1194851	5.840195153232862	6.116032646096524	None
SJOS001101_M5_amplicon4_ecDNA_1	3326087	7.5335267303322	16.65879489429582	None
SJOS001101_M5_amplicon5_ecDNA_1	49497	9.754211767449998	9.754211767449998	None
SJOS001101_M5_amplicon7_Linear_1	392661	6.092696342258056	6.092696342258056	None
SJOS001101_M6_amplicon10_Linear_1	392361	6.350768275291628	6.45097425218914	None
SJOS001101_M6_amplicon1_Linear_1	156302	5.937955075641316	5.937955075641316	None
SJOS001101_M6_amplicon2_ecDNA_1	146251	4.980725590415545	4.980725590415545	LowCN
SJOS001101_M6_amplicon2_ecDNA_2	99050	6.132050143099046	6.132050143099046	LowCN
SJOS001101_M6_amplicon3_Complex-non-cyclic_1	375507	4.7931813241702494	4.7931813241702494	LowCN
SJOS001101_M6_amplicon4_Linear_1	503060	5.305340803804114	5.305340804797151	None
SJOS001101_M6_amplicon5_Linear_1	1672722	7.268412228004563	7.268412228004563	None
SJOS001101_M6_amplicon6_ecDNA_1	1594105	10.530517328130077	15.021644553094786	None
SJOS001101_M6_amplicon7_Linear_1	265076	7.019840930132602	7.559501540161516	None
SJOS001101_M6_amplicon8_BFB_1	49497	7.061650689277614	7.061650689277614	LowCN
SJOS001101_M6_amplicon9_Linear_1	519986	5.025683203484921	5.025683203484921	None
SJOS001101_M7_amplicon1_Linear_1	1210035	4.647303095801909	4.647303095801909	LowCN
SJOS001101_M7_amplicon2_Linear_1	151302	6.5909890978215975	6.5909890978215975	None
SJOS001101_M7_amplicon3_Complex-non-cyclic_1	4542928	6.359547166776863	7.4860251872842385	None
SJOS001101_M7_amplicon4_ecDNA_1	3325504	9.715397513064195	22.255539048082273	None
SJOS001101_M7_amplicon4_ecDNA_2	447670	6.050187012759049	8.827384549555697	None
SJOS001101_M7_amplicon5_Linear_1	265076	7.247552788469662	8.679955961765216	None
SJOS001101_M7_amplicon6_Linear_1	1494369	6.720330697613961	10.598281786799397	None
SJOS001101_M7_amplicon7_BFB_1	308745	6.475806353738004	6.475806353738004	LowCN
SJOS001101_M7_amplicon8_Linear_1	1079378	7.332796937310662	7.332796937432201	None
SJOS001101_M7_amplicon9_Linear_1	392661	8.009310099205244	8.009310099205244	None
SJOS001107_M2_amplicon1_Linear_1	70003	5.621365352594769	5.621365352594769	None
SJOS001107_M2_amplicon2_Linear_1	7093237	6.3993261310696825	7.37545005159475	None
SJOS001107_M2_amplicon3_Linear_1	942100	5.3882590515133995	5.4545715334521265	None
SJOS001107_M2_amplicon4_Linear_1	639877	5.710076733531865	7.453902024170919	None
SJOS001112_M2_amplicon1_Linear_1	3031613	5.337982116300831	5.813350854372283	None
SJOS001112_M2_amplicon2_Complex-non-cyclic_1	1930633	4.974535147567043	7.006055555898252	None
SJOS001112_M2_amplicon3_Linear_1	389999	6.782741039029617	6.782741039029617	None
SJOS001112_M2_amplicon4_Linear_1	1319478	5.88308115985993	7.335546010978399	None
SJOS001112_M2_amplicon5_Linear_1	230001	5.155735038379965	5.155735038379965	None
SJOS001112_M2_amplicon6_Complex-non-cyclic_1	86970	5.559912534492876	7.226397256524159	None
SJOS001112_M2_amplicon7_Linear_1	2783	5.556464857135301	5.556464857135301	None
SJOS018_D_amplicon1_ecDNA_1	19194040	16.983819006183147	37.48024563309006	None
SJOS030422_D2_amplicon1_ecDNA_1	322139	9.639797521464049	12.058531321027802	None
SJOS030422_D2_amplicon2_Linear_1	87505	6.242906150424897	6.242906150424897	None
SJOS030422_D2_amplicon3_Linear_1	78268	5.080134021808781	5.080134021808781	None
SJOS030579_D2_amplicon1_Complex-non-cyclic_1	4205287	4.984373691708063	5.959592919721126	None
SJOS030579_D2_amplicon2_Linear_1	100001	6.084445581409765	6.084445581409765	None
SJOS030579_D2_amplicon3_Linear_1	2996767	5.321772470637703	5.796925930986546	None
SJOS030579_D2_amplicon5_Linear_1	3181	8.522574750082384	8.522574750082384	None
SJOS030591_D2_amplicon1_Complex-non-cyclic_1	1749093	4.739815742292268	5.776381850980591	None
SJOS030591_D2_amplicon2_Linear_1	2894979	4.813965133069705	4.813965133069705	LowCN
SJOS030591_D2_amplicon3_Linear_1	1074994	4.7227419556404096	4.7227419556404096	LowCN
SJOS030591_D2_amplicon4_Linear_1	2405178	5.70694934637751	5.855248323592502	None
SJOS030591_D2_amplicon5_Linear_1	597595	6.437446342522879	6.437446342522879	None
SJOS030591_D2_amplicon6_Linear_1	187032	5.262077489576551	5.262077489576551	None
SJOS030591_D2_amplicon7_Linear_1	3918926	6.2864681755551794	6.589527362074833	None
SJOS030645_D2_amplicon1_ecDNA_1	645904	5.968291312289284	9.213576675180521	None
SJOS030645_D2_amplicon1_ecDNA_2	71157	6.23739054792484	6.23739054792484	LowCN
SJOS030645_D2_amplicon2_Linear_1	349995	4.975516264077162	4.975516264077162	LowCN
SJOS030645_D2_amplicon3_Complex-non-cyclic_1	429755	5.990882341715394	5.990882343663478	None
SJOS030759_D2_amplicon1_ecDNA_1	4515747	34.203354119290246	37.142481212076696	None
SJOS030861_D3_amplicon1_ecDNA_1	43958	15.069799611376258	15.069799611376258	None
SJOS030861_D3_amplicon1_ecDNA_2	2517270	7.374663940606851	10.566986730972866	None
SJOS030861_D3_amplicon2_Linear_1	1621259	6.081103614978051	8.919393679846864	None
SJOS031478_D2_amplicon1_Complex-non-cyclic_1	4643767	5.281000811515172	7.5623847748976365	None
SJOS031478_D2_amplicon2_Linear_1	1164993	6.598435410744778	7.200754485207566	None
SJOS031478_D2_amplicon3_ecDNA_1	1250270	7.807775135387797	7.807775135387797	LowCN
SJOS031478_D2_amplicon4_Complex-non-cyclic_1	1702754	5.810944277403633	6.33479623488962	None
SJOS031478_D2_amplicon5_Linear_1	57543	4.754452024063151	5.007468310169051	None
SJOS031478_D2_amplicon6_Linear_1	210711	5.448557377981701	6.2325296337747	None
SJOS031478_D2_amplicon7_Complex-non-cyclic_1	1110090	6.0880351597804605	6.0880351597804605	None
SJOS031782_D1_amplicon1_ecDNA_1	7736220	16.127489404297407	34.89945698022661	None
SJOS031782_D1_amplicon2_ecDNA_1	353265	5.582174400030336	6.056964404693485	LowCN
SJOS031782_D1_amplicon3_ecDNA_1	169851	6.145282797299272	6.145282797299272	LowCN
SJOS031782_D1_amplicon4_ecDNA_1	269369	6.598018589805196	6.598018589805196	LowCN
SJOS031782_D1_amplicon5_ecDNA_1	236525	10.289489580949763	10.289489580949763	None
SJOS031782_D1_amplicon6_Linear_1	691378	6.592007430592272	6.661442045789749	None
SJOS031782_D1_amplicon7_Linear_1	243680	5.8746708867874915	6.284425611155859	None
SJOS031782_D1_amplicon8_ecDNA_1	360148	5.437831402023153	5.726265478643885	LowCN
SJOS032468_D1_amplicon1_Complex-non-cyclic_1	105130	5.058739205868616	7.521385608756803	None
SJOS032468_D1_amplicon2_Complex-non-cyclic_1	90007	6.579185461811808	6.579185461811808	None
SJOS032468_D1_amplicon3_ecDNA_1	373173	5.35375634351799	5.35375634351799	LowCN
SJOS032468_D1_amplicon4_Linear_1	425085	6.016716032670548	6.016716032670548	None
SJOS032468_D1_amplicon5_Complex-non-cyclic_1	5292857	5.149353639769982	5.395765691933227	None
SJOS032521_D1_amplicon1_ecDNA_1	268425	13.304264127533584	37.261654763276084	None
SJOS032521_D1_amplicon1_ecDNA_2	279609	10.593422242366305	10.977960774835099	None
SJOS032521_D1_amplicon2_Complex-non-cyclic_1	5900546	10.181454735524706	15.240646519212735	None
SJRB032703_D1_amplicon1_Linear_1	80002	4.898614578826682	4.898614578826682	LowCN
SJRB032703_D1_amplicon2_Linear_1	90000	7.085422186930582	7.085422186930582	None
SJRB032703_D1_amplicon3_Linear_1	86876	6.006887767027154	6.006887767027154	None
SJRHB011_E_amplicon1_Complex-non-cyclic_1	134343	4.800745392396646	9.153184584516765	None
SJRHB012_R_amplicon1_ecDNA_1	2145307	45.40588651126394	105.5907222724204	None
SJRHB012_R_amplicon2_ecDNA_1	837806	99.07229981049296	105.6354002706009	None
SJRHB012_R_amplicon3_Linear_1	120722	17.360746125989373	17.360746125989373	None
SJRHB030549_D2_amplicon1_ecDNA_1	142251	7.310105137348436	10.20667637822427	None
SJRHB030549_D2_amplicon1_ecDNA_2	10725736	15.852809800769027	46.974915350999424	None
SJRHB030549_D2_amplicon2_Linear_1	439056	5.013403969655149	13.880968982568533	None
SJRHB030549_D2_amplicon3_Complex-non-cyclic_1	206249	5.998105528894435	12.838763763255443	None
SJRHB030549_D2_amplicon4_Linear_1	553481	5.67502275470559	9.421022528755127	None
SJRHB031244_D1_amplicon1_ecDNA_1	1161233	5.6129826270351275	5.655432912481425	LowCN
SJRHB031244_D1_amplicon2_ecDNA_1	1949928	6.196060610976841	6.2508352899051856	LowCN
SJRHB031519_D1_amplicon1_ecDNA_1	1570091	28.07776384181505	48.07230051437472	None
SJRHB031848_D1_amplicon1_BFB_1	2283490	7.816394372197158	19.298081869777192	None
SJRHB032029_D2_amplicon1_Complex-non-cyclic_1	141640	7.212483495763251	7.2688452800466825	None
SJST030375_D1_amplicon1_Linear_1	126000	4.93636560693652	4.93636560693652	LowCN
SJST030375_R1_amplicon1_Linear_1	126000	5.0692300098868195	5.0692300098868195	None
SJST030375_R2_amplicon1_Linear_1	126000	5.160895013361206	5.160895013361206	None
SJST031379_D2_amplicon1_Complex-non-cyclic_1	4650243	6.021995342169911	6.07679683806521	None
SJST031395_D1_amplicon1_ecDNA_1	12761555	5.612802385771803	6.276190838167105	LowCN
SJST031620_D1_amplicon1_ecDNA_1	3820531	5.888417440605048	5.888417440605048	LowCN
SJST031623_D1_amplicon1_ecDNA_1	562873	7.7392092549358225	8.286752990366653	None
SJST031623_D1_amplicon2_Linear_1	583839	4.689807680432412	4.777839397148735	LowCN
SJST031623_D1_amplicon3_Complex-non-cyclic_1	693416	6.605217722375193	12.217351306670981	None
SJST031758_D1_amplicon1_Linear_1	69999	4.904457535243356	4.904457535243356	LowCN
SJST031890_D1_amplicon1_ecDNA_1	5037651	5.8933521711075185	5.8933521711075185	LowCN
SJST032152_D1_amplicon1_Complex-non-cyclic_1	2098958	5.322767646776732	6.001168300463589	None
SJST032152_D1_amplicon2_Linear_1	325000	5.322477939743137	5.322477939743137	None
SJST032152_D1_amplicon3_Linear_1	303998	4.570903973498243	4.570903973498243	LowCN
SJST032285_D1_amplicon1_Linear_1	88474	4.9204449020357695	5.771519965144817	None
SJST032337_D1_amplicon2_ecDNA_1	76297	5.530883964130512	5.530883964130512	LowCN
SJST032337_D1_amplicon3_ecDNA_1	185219	9.532604968099104	10.619282148346501	None
SJST032337_D1_amplicon5_Linear_1	198812	9.21674144151043	9.216741441734813	None
SJST032561_D1_amplicon1_ecDNA_1	48457	4.854445923235522	4.854445923235522	LowCN
SJST032574_D1_amplicon1_ecDNA_1	48457	4.792598818453184	4.792598818453184	LowCN
SJST032574_D2_amplicon1_ecDNA_1	48457	4.741521135466899	4.741521135466899	LowCN
SJST032577_D1_amplicon1_Linear_1	4616748	5.147421311289584	5.1533697207039255	None
SJST032843_D1_amplicon1_Linear_1	252150	5.314759115466164	5.808866812508911	None
SJST033124_D1_amplicon1_Complex-non-cyclic_1	454494	5.4442948149033406	6.345544062443383	None
SJST033124_D1_amplicon2_Linear_1	230697	4.595679858432747	4.8063648087348865	LowCN
SJWLM031333_D1_amplicon1_ecDNA_1	3989946	5.91773798069695	21.01631145112419	None
SJWLM031677_D1_amplicon1_ecDNA_1	12957168	7.2042877717578655	23.727330154309083	None
SJWLM031998_D1_amplicon1_Linear_1	129999	4.517976938681246	4.517976938681246	LowCN
SJWLM031998_D1_amplicon2_Linear_1	88474	5.797024450543736	5.797024450543736	None
SJWLM032016_D1_amplicon1_Linear_1	88474	5.6399077776203175	6.59892799272994	None
SJWLM032169_D1_amplicon1_Linear_1	272695	5.18911278919268	6.0861920958550275	None
SJWLM033062_D1_amplicon1_Linear_1	129999	5.432581052864343	5.432581052864343	None
SJWLM033062_D1_amplicon2_Linear_1	62477	4.703382237086869	4.703382237086869	LowCN
SJWLM033068_D1_amplicon1_Linear_1	87505	5.121153795218679	5.121153795218679	None
SJWLM033068_D2_amplicon1_Linear_1	87505	5.913057169816021	5.913057169816021	None
SJWLM033068_D2_amplicon2_Complex-non-cyclic_1	2150259	4.9093140125795625	5.126114333739368	None
SJMB003_D_amplicon1_Complex-non-cyclic_1	1727700	5.2976680743771265	5.2976680743771265	None
SJMB004_D_amplicon1_Complex-non-cyclic_1	3675961	15.381518407686187	18.30581721988701	None
SJMB004_D_amplicon2_ecDNA_1	15684045	8.909641500232775	11.164538314931349	None
SJMB004_D_amplicon2_ecDNA_2	1620305	6.079705396064907	6.104046342969237	LowCN
SJMB004_D_amplicon3_Linear_1	1463779	9.430607977337951	17.066123347139534	None
SJMB008_D_amplicon1_ecDNA_1	820247	60.8582138874484	62.71396064479075	None
SJMB019_D_amplicon1_ecDNA_1	2395938	10.329536773867442	10.3649020386735	None
SJMB024_D_amplicon1_Linear_1	371244	5.309854025711158	5.309854025711158	None
SJMB024_D_amplicon2_Complex-non-cyclic_1	11599995	5.625623729741716	10.112863522256422	None
SJMB027_D_amplicon1_ecDNA_1	1356161	8.786971842988015	9.815980393483178	None
SJMB030020_D1_amplicon1_ecDNA_1	1262181	15.460860236220233	89.62037496681302	None
SJMB030020_D1_amplicon1_ecDNA_2	1163801	5.462689152046545	18.540328333634687	None
SJMB030020_D1_amplicon2_ecDNA_1	4289409	7.4358160474314445	7.4358160474314445	LowCN
SJMB030020_D1_amplicon3_ecDNA_1	3865872	221.6334974490084	243.3612336505451	None
SJMB030020_D1_amplicon4_ecDNA_1	5320906	6.528329472475973	9.151345910447414	None
SJMB030056_D1_amplicon1_ecDNA_1	1754697	7.063026529090386	7.11727424845913	LowCN
SJMB030181_D1_amplicon1_ecDNA_1	332345	208.99531138189306	219.34453791983853	None
SJMB030296_D1_amplicon1_ecDNA_1	644607	74.26322865282378	74.26322865282378	None
SJMB030312_D1_amplicon1_ecDNA_1	7607754	7.076172652855423	47.97733994070929	None
SJMB030610_D1_amplicon1_Linear_1	746219	5.877521068073096	5.877521068073096	None
SJMB030610_D1_amplicon2_Complex-non-cyclic_1	1954196	6.001779523225162	6.294455560939925	None
SJMB030610_D1_amplicon3_ecDNA_1	2253197	14.367928984048646	19.501305041291854	None
SJMB030757_D1_amplicon1_Linear_1	560266	7.149448502933428	7.149448502933428	None
SJMB030757_D1_amplicon2_Complex-non-cyclic_1	3462506	7.048990862522916	7.048990862522916	None
SJMB030757_D1_amplicon3_Complex-non-cyclic_1	5661155	7.01407401966208	7.014074019662088	None
SJMB030757_D1_amplicon4_Linear_1	6106733	6.925841198744767	7.022185369476964	None
SJMB030915_D2_amplicon1_ecDNA_1	929326	191.1395609724542	205.90588614471787	None
SJMB038_D_amplicon1_ecDNA_1	2789644	18.483332637644676	36.75368048428772	None
SJMB067_D_amplicon1_BFB_1	3459449	13.199241582820315	24.8250984139483	None
SJOS001101_M1_amplicon1_Linear_1	89571	5.205840236008529	5.205840236008529	None
SJOS001101_M1_amplicon2_Linear_1	458561	6.2205189853208775	6.2205189853208775	None
SJOS001101_M1_amplicon3_ecDNA_1	1594105	8.445910817186745	11.195424754645188	None
SJOS010_D_amplicon1_BFB_1	3625895	7.524259397096745	20.189972735049952	None
SJOS010_D_amplicon3_Linear_1	1743443	4.5288888158332465	4.644666303134846	LowCN
SJOS010_D_amplicon4_Complex-non-cyclic_1	6286977	5.652909367278749	5.827742751836701	None
SJOS012_D_amplicon10_ecDNA_1	736728	7.39706111696907	7.638996760189183	LowCN
SJOS012_D_amplicon1_Linear_1	206578	7.054239708637041	12.240303068015706	None
SJOS012_D_amplicon2_Complex-non-cyclic_1	522135	8.889525033254419	17.548115273568907	None
SJOS012_D_amplicon3_Linear_1	1540500	8.467991331428292	8.480523100782236	None
SJOS012_D_amplicon4_Linear_1	310959	11.134182925208245	11.134182925208245	None
SJOS012_D_amplicon5_Linear_1	129168	5.598119421709045	5.598119421709045	None
SJOS012_D_amplicon6_ecDNA_1	123820	17.903734002088026	17.903734002088026	None
SJOS012_D_amplicon6_ecDNA_2	1034230	12.448365739278715	14.59701497380349	None
SJOS012_D_amplicon7_Linear_1	212327	13.313953512601223	13.313953512601223	None
SJOS012_D_amplicon8_Linear_1	576473	4.615831986447982	4.615831986447982	LowCN
SJOS012_D_amplicon9_BFB_1	235732	16.68080917372778	16.68080917372778	None
SJRHB012_D_amplicon1_ecDNA_1	837830	114.10010248285586	118.45358201955112	None
SJRHB012_D_amplicon1_ecDNA_2	1549847	121.79334389664179	131.62397656838456	None
SJST030890_D1_amplicon1_Linear_1	97510	7.247009784646613	7.247009784646613	None
