sample	amplicon	feature	total_feature_entropy	decomp_entropy	Amp_nseg_entropy
BS_00GG0R70	amplicon1	Linear_1	1.789324065895971	0.6907117772278613	1.0986122886681098
BS_00TRPEQX	amplicon1	ecDNA_1	1.850910960335531	0.2414730479014306	1.6094379124341003
BS_02NHQ9F8	amplicon1	Complex-non-cyclic_1	5.446672359189257	1.5965247574791994	3.8501476017100584
BS_02NHQ9F8	amplicon2	Linear_1	2.9354296771084827e-13	2.9354296771084827e-13	0
BS_02NHQ9F8	amplicon3	Linear_1	0.7077615755481218	0.014614394988176564	0.6931471805599453
BS_02VZJ0QK	amplicon1	Complex-non-cyclic_1	4.305196152658999	1.0863203277907982	3.2188758248682006
BS_05S9WJW6	amplicon1	Linear_1	2.920534488194954	1.1287750189668992	1.791759469228055
BS_065QV76T	amplicon1	ecDNA_1	3.2293979332709135	0.3961845892146971	2.833213344056216
BS_091H6TKY	amplicon1	Linear_1	0.8987825024582475	0.20563532189830225	0.6931471805599453
BS_0GS82Q3E	amplicon1	ecDNA_1	1.9154200534873915	0.5291256923675011	1.3862943611198906
BS_0GS82Q3E	amplicon2	ecDNA_1	2.3588742866750194	0.4129641376197059	1.9459101490553135
BS_0GS82Q3E	amplicon3	ecDNA_1	3.228098015528502	0.6631486580669655	2.5649493574615367
BS_0GS82Q3E	amplicon3	ecDNA_2	5.738498582946976	1.381789756257384	4.356708826689592
BS_0GS82Q3E	amplicon4	Linear_1	3.730233503831866	1.2453268540438658	2.4849066497880004
BS_0GS82Q3E	amplicon7	Complex-non-cyclic_1	2.810357375007406	0.8644472259520923	1.9459101490553135
BS_0GS82Q3E	amplicon8	ecDNA_1	2.3012760819604408	0.6918381695263403	1.6094379124341003
BS_0TCRV9AC	amplicon1	ecDNA_1	0.5430332047074186	0.5430332047074186	0
BS_0TCRV9AC	amplicon2	ecDNA_1	2.0715679544710808	0.6852735933511902	1.3862943611198906
BS_0TCRV9AC	amplicon3	ecDNA_1	1.884625025963882	0.7860127372957721	1.0986122886681098
BS_0W8AWY10	amplicon1	Linear_1	0.679577490186325	0.679577490186325	0
BS_0ZR4XA69	amplicon1	Linear_1	0.6929732828238855	0.6929732828238855	0
BS_1061K466	amplicon1	BFB_1	6.04040259161963	1.8507478495932046	4.189654742026425
BS_10AD3EFX	amplicon1	Linear_1	2.0593775199999387	0.6730831588800479	1.3862943611198906
BS_10V9SAG8	amplicon1	ecDNA_1	5.038761496054554	1.7429246300502248	3.295836866004329
BS_15BAPZBP	amplicon1	Linear_1	1.5294868280141622	0.43087453934605247	1.0986122886681098
BS_1CZPVCXR	amplicon1	Complex-non-cyclic_1	3.5934514320347164	0.8854012309325066	2.70805020110221
BS_1DA3F1K1	amplicon1	ecDNA_1	3.9785653687422844	0.4522048441261227	3.5263605246161616
BS_1KP6JADZ	amplicon1	Complex-non-cyclic_1	4.491851243791004	1.4473288060675804	3.044522437723423
BS_1KP6JADZ	amplicon2	Linear_1	0	0	0
BS_1M63B97V	amplicon1	Complex-non-cyclic_1	5.880840597923212	1.873507412690741	4.007333185232471
BS_1M63B97V	amplicon2	ecDNA_1	3.131131190931253	1.0516896492514174	2.0794415416798357
BS_1WC7MCRT	amplicon1	ecDNA_1	1.3056729916694823	0.612525811109537	0.6931471805599453
BS_1WC7MCRT	amplicon2	ecDNA_1	2.0704965388638294	0.6842021777439387	1.3862943611198906
BS_2296JPP5	amplicon1	ecDNA_1	2.8792053127495443	0.6819807354133245	2.1972245773362196
BS_25VZM81R	amplicon1	ecDNA_1	2.343283249521833	0.39737310046651975	1.9459101490553135
BS_2C9ZX1NK	amplicon1	ecDNA_1	2.957400242898151	0.5595049700997806	2.3978952727983707
BS_2C9ZX1NK	amplicon1	ecDNA_2	2.477344828263673	0.6855853590356185	1.791759469228055
BS_2C9ZX1NK	amplicon10	Linear_1	1.367051851172866	0.6739046706129206	0.6931471805599453
BS_2C9ZX1NK	amplicon2	Linear_1	4.389777295117712	1.5565639510614961	2.833213344056216
BS_2C9ZX1NK	amplicon3	ecDNA_1	3.8391687117011593	0.8434364381471686	2.995732273553991
BS_2C9ZX1NK	amplicon4	Linear_1	3.9633770849018592	1.0189381057354183	2.9444389791664407
BS_2C9ZX1NK	amplicon5	Complex-non-cyclic_1	5.867912584593329	1.9166688660119013	3.951243718581427
BS_2C9ZX1NK	amplicon6	Complex-non-cyclic_1	5.1175187838896585	1.2888773874005635	3.828641396489095
BS_2C9ZX1NK	amplicon8	ecDNA_1	2.555572825801559	0.763813356573504	1.791759469228055
BS_2C9ZX1NK	amplicon9	Linear_1	4.700477835780482	0.4519825937311226	4.248495242049359
BS_2F3NJJ7V	amplicon1	ecDNA_1	0.6756088583122758	0.6756088583122758	0
BS_2F8PFTW5	amplicon1	Complex-non-cyclic_1	3.5602484014030797	0.7876596791632986	2.772588722239781
BS_2J4FG4HV	amplicon1	ecDNA_1	3.328988417301146	0.689931087685887	2.639057329615259
BS_2J4FG4HV	amplicon1	ecDNA_2	5.205510272466187	1.4678406541828182	3.7376696182833684
BS_2J4FG4HV	amplicon3	Linear_1	1.791736544069982	0.6931242554018722	1.0986122886681098
BS_2T4EJ6KN	amplicon1	ecDNA_1	5.1807232862883525	0.9466167816910931	4.23410650459726
BS_2T4EJ6KN	amplicon2	Linear_1	1.208263994498556	0.5151168139386106	0.6931471805599453
BS_32JF8TPP	amplicon1	Linear_1	0.680780089637921	0.680780089637921	0
BS_3AQ7V6ZQ	amplicon1	Complex-non-cyclic_1	3.1362735924343	0.5713242349727632	2.5649493574615367
BS_3AQ7V6ZQ	amplicon2	Linear_1	1.737790762857522	0.6391784741894122	1.0986122886681098
BS_3BMGF6GN	amplicon1	ecDNA_1	5.800358133690313	1.4059089790178738	4.394449154672439
BS_3CG2N4PD	amplicon1	ecDNA_1	4.414016254270707	1.3229738009123913	3.0910424533583156
BS_3E5C1PN1	amplicon1	Linear_1	4.07383937460472	1.1294003954382794	2.9444389791664407
BS_3E5C1PN1	amplicon2	ecDNA_1	1.0389925072219721	0.34584532666202683	0.6931471805599453
BS_3JR05TXQ	amplicon1	Linear_1	2.8811517101567166	0.8017101684768808	2.0794415416798357
BS_3KD309X6	amplicon1	BFB_1	4.181283657991615	1.2368446788251737	2.9444389791664407
BS_3NX3RBCX	amplicon1	ecDNA_1	1.5985645198599872	0.21227015874009658	1.3862943611198906
BS_3NX3RBCX	amplicon1	ecDNA_2	2.260543724416534	0.6511058119824339	1.6094379124341003
BS_3PATZ29V	amplicon1	ecDNA_1	7.373380163324983	2.0700752552659076	5.303304908059076
BS_3S1JTYA2	amplicon1	ecDNA_1	2.914445050169175	0.7172204728329559	2.1972245773362196
BS_3S1JTYA2	amplicon2	Complex-non-cyclic_1	6.317874709456157	2.0138096162519874	4.304065093204169
BS_3S1JTYA2	amplicon3	ecDNA_1	5.267766740869096	1.2073237303226763	4.060443010546419
BS_3Y55A2AQ	amplicon1	ecDNA_1	1.3541968950930077	0.6610497145330623	0.6931471805599453
BS_3Z40EZHD	amplicon1	BFB_1	3.332587802517297	0.934692529718926	2.3978952727983707
BS_41TD9XET	amplicon1	Linear_1	0.9967516689288549	0.3036044883689096	0.6931471805599453
BS_43EZNGJ1	amplicon1	Linear_1	3.3311821479128385	1.028597054918793	2.3025850929940455
BS_4DQAQFQH	amplicon1	Linear_1	0	0	0
BS_4DQAQFQH	amplicon2	Linear_1	3.4924679601387965	0.7198792378990152	2.772588722239781
BS_4DQAQFQH	amplicon3	Linear_1	0	0	0
BS_4DQAQFQH	amplicon5	Linear_1	9.658940314234197e-13	9.658940314234197e-13	0
BS_4FKXNJHW	amplicon1	ecDNA_1	0.9592034410506456	0.2660562604907003	0.6931471805599453
BS_4GMSE5BE	amplicon1	ecDNA_1	3.4458380224485037	0.4013155847250808	3.044522437723423
BS_4NPEMNAD	amplicon1	ecDNA_1	4.147252291719839	1.0562098383615233	3.0910424533583156
BS_4T994QT4	amplicon1	ecDNA_1	4.914354686931185	1.3590066254417719	3.5553480614894135
BS_4Y10FCTC	amplicon1	Linear_1	4.7732610182873945	1.2469004936712331	3.5263605246161616
BS_4Y10FCTC	amplicon2	Linear_1	1.3779210183851223	0.684773837825177	0.6931471805599453
BS_4ZG27R47	amplicon1	ecDNA_1	4.410785069154811	1.2752908532256615	3.1354942159291497
BS_537YFJ06	amplicon1	ecDNA_1	3.785579123909112	0.8952073660129471	2.890371757896165
BS_537YFJ06	amplicon2	Linear_1	1.3325250594210858	0.6393778788611406	0.6931471805599453
BS_53BCKC4V	amplicon1	ecDNA_1	4.229776846256368	0.6744287847669546	3.5553480614894135
BS_53BCKC4V	amplicon1	ecDNA_2	5.670295614914296	1.2276443584239793	4.442651256490317
BS_53BCKC4V	amplicon2	ecDNA_1	1.7908644691810762	0.6922521805129666	1.0986122886681098
BS_53BCKC4V	amplicon3	ecDNA_1	2.3022945276230375	0.6928566151889373	1.6094379124341003
BS_53BCKC4V	amplicon4	ecDNA_1	1.359212416134457	0.6660652355745117	0.6931471805599453
BS_53BCKC4V	amplicon5	Complex-non-cyclic_1	4.365277337415853	1.3695450638618625	2.995732273553991
BS_54HHEWEZ	amplicon1	ecDNA_1	2.920848791105015	0.5229535183066444	2.3978952727983707
BS_54HHEWEZ	amplicon2	ecDNA_1	2.120684750712511	0.7343903895926205	1.3862943611198906
BS_551ZH7EV	amplicon1	ecDNA_1	5.427679165229412	1.2229865458384461	4.204692619390966
BS_59FR1NC2	amplicon1	Linear_1	1.3616276352569838	0.6684804546970387	0.6931471805599453
BS_5FPTB368	amplicon1	ecDNA_1	3.834142203740287	1.126092002638077	2.70805020110221
BS_5FS4BERE	amplicon1	Complex-non-cyclic_1	2.9946179145666427	0.5967226417682718	2.3978952727983707
BS_5FS4BERE	amplicon2	Linear_1	1.7733342912073011	0.6747220025391913	1.0986122886681098
BS_5JC116NM	amplicon1	ecDNA_1	7.045176905708049	2.200989819249458	4.844187086458591
BS_5KFAEMQJ	amplicon1	ecDNA_1	2.531084777725486	0.9216468652913857	1.6094379124341003
BS_5R0HHQ1Y	amplicon1	Linear_1	2.3298949194237712	0.7204570069896709	1.6094379124341003
BS_682Z7WH6	amplicon1	Linear_1	1.7773936391266327	0.678781350458523	1.0986122886681098
BS_69VS8PS1	amplicon1	ecDNA_1	3.2232551534094127	0.45066643116963173	2.772588722239781
BS_6FYTRKJJ	amplicon1	Linear_1	1.7845171376964815	0.6859048490283717	1.0986122886681098
BS_6VVG1EBR	amplicon1	ecDNA_1	3.011878177513175	0.9324366358333392	2.0794415416798357
BS_7314XTPY	amplicon1	ecDNA_1	2.9223158067292756	0.4374091569412751	2.4849066497880004
BS_79NQJZ09	amplicon1	Linear_1	1.7560073203971136	0.6573950317290038	1.0986122886681098
BS_79NQJZ09	amplicon2	Linear_1	1.3154682417289068	0.6223210611689614	0.6931471805599453
BS_7BN22JGJ	amplicon1	Complex-non-cyclic_1	3.8478217390210525	1.2828723815595158	2.5649493574615367
BS_7GF5144B	amplicon1	ecDNA_1	2.4327860796004224	0.486875930545109	1.9459101490553135
BS_7GKF6M85	amplicon1	ecDNA_1	1.291538251551772	0.5983910709918266	0.6931471805599453
BS_7KN8003B	amplicon1	Complex-non-cyclic_1	5.114875571674855	1.4259961175609182	3.6888794541139363
BS_7M145V8M	amplicon1	ecDNA_1	2.9329953007799556	0.5351000279815852	2.3978952727983707
BS_7M145V8M	amplicon2	Complex-non-cyclic_1	4.305071792934327	1.2605493552109042	3.044522437723423
BS_7YGM7F5R	amplicon3	Linear_1	8.670841822318713e-13	8.670841822318713e-13	0
BS_80078QDG	amplicon1	ecDNA_1	1.8916988358561022	0.5054044747362116	1.3862943611198906
BS_80078QDG	amplicon2	ecDNA_1	3.615102854585125	0.5240604012268095	3.0910424533583156
BS_83MSWR59	amplicon1	Complex-non-cyclic_1	3.1738382515099084	0.9766136741736889	2.1972245773362196
BS_89RB2TC2	amplicon1	Complex-non-cyclic_1	7.049278173268894	2.031998336453969	5.017279836814924
BS_8GW9ZD0F	amplicon1	BFB_1	3.567358214870046	0.9283008852547872	2.639057329615259
BS_8Q8N6AHW	amplicon1	Complex-non-cyclic_1	5.329154144982422	1.479006543272363	3.8501476017100584
BS_8Q8N6AHW	amplicon2	Linear_1	1.2397219999986318	0.5465748194386864	0.6931471805599453
BS_8SYN7GXG	amplicon1	Linear_1	3.851495585495444	1.0182822414392276	2.833213344056216
BS_8SYN7GXG	amplicon2	ecDNA_1	4.1726215902031365	0.6172735287137232	3.5553480614894135
BS_8SYN7GXG	amplicon3	Linear_1	2.3761979883350963	0.5844385191070414	1.791759469228055
BS_95EMTN3E	amplicon1	ecDNA_1	5.583247287369179	1.7120462764612885	3.871201010907891
BS_97M1BPNE	amplicon1	ecDNA_1	3.8820006126096693	0.9916288547135045	2.890371757896165
BS_9ANMMYJS	amplicon1	BFB_1	2.1613196075515004	1.0627073188833907	1.0986122886681098
BS_9BJ4Z98D	amplicon1	Linear_1	1.7967484731486525	0.6981361844805427	1.0986122886681098
BS_9BJ4Z98D	amplicon2	ecDNA_1	2.8148591243921657	0.7354175827123299	2.0794415416798357
BS_9E2FF9ZP	amplicon1	ecDNA_1	7.243768780764391	1.98627340873661	5.2574953720277815
BS_9GAN1VK0	amplicon1	ecDNA_1	0.6867186242069871	0.6867186242069871	0
BS_9GJHMA3J	amplicon1	Linear_1	6.084022174944007e-13	6.084022174944007e-13	0
BS_9GJHMA3J	amplicon2	ecDNA_1	3.79757868508606	1.08952848398385	2.70805020110221
BS_9GJHMA3J	amplicon3	Linear_1	6.797895579777522e-13	6.797895579777522e-13	0
BS_9HMAQJ93	amplicon1	Linear_1	0	0	0
BS_9HMAQJ93	amplicon2	ecDNA_1	2.2507717576135002	0.6413338451794	1.6094379124341003
BS_9HMAQJ93	amplicon3	Complex-non-cyclic_1	3.299811993872694	0.7348626364111571	2.5649493574615367
BS_9M49SGAQ	amplicon1	ecDNA_1	0.6921588162681458	0.6921588162681458	0
BS_9N3B3HZB	amplicon1	Linear_1	2.381409565035466	0.7719716526013658	1.6094379124341003
BS_9T43YEPA	amplicon1	Linear_1	1.918570738337898	0.8199584496697883	1.0986122886681098
BS_9XQVJS03	amplicon1	ecDNA_1	3.9690434799304586	0.8335492640013089	3.1354942159291497
BS_9Y9BQ8Y8	amplicon1	Linear_1	1.9748829468090974	0.5885885856892068	1.3862943611198906
BS_A024WSJX	amplicon1	Complex-non-cyclic_1	5.526165362056772	1.7649652463632095	3.7612001156935624
BS_A1DV9T7G	amplicon1	ecDNA_1	3.0848838323212044	0.5199344748596677	2.5649493574615367
BS_A1DV9T7G	amplicon2	Linear_1	4.909406214891237e-13	4.909406214891237e-13	0
BS_A1DV9T7G	amplicon3	Linear_1	1.3760073072590107	0.6828601266990655	0.6931471805599453
BS_A1DV9T7G	amplicon4	ecDNA_1	3.3208644751021907	0.5482757528624097	2.772588722239781
BS_A1DV9T7G	amplicon5	Linear_1	1.3462220418447526	0.6530748612848073	0.6931471805599453
BS_A1DV9T7G	amplicon6	Complex-non-cyclic_1	4.404057308400168	1.5136855505040034	2.890371757896165
BS_A1DV9T7G	amplicon7	Linear_1	1.2624030672892266	0.5692558867292813	0.6931471805599453
BS_A3EV6FXK	amplicon1	Complex-non-cyclic_1	4.986199319781566	1.8951568664232497	3.0910424533583156
BS_A4KYP5H0	amplicon1	ecDNA_1	6.347770410828081	1.9783225583610593	4.3694478524670215
BS_A70G7S2W	amplicon1	ecDNA_1	4.096332303014967	1.0052898496566514	3.0910424533583156
BS_A8XRT37Q	amplicon1	Linear_1	2.2500651523437156	0.863770791223825	1.3862943611198906
BS_ABZ3BK38	amplicon1	ecDNA_1	2.5910425009168687	0.645132351861555	1.9459101490553135
BS_ABZ3BK38	amplicon2	ecDNA_1	2.671261119370699	0.3686760263766535	2.3025850929940455
BS_ABZ3BK38	amplicon3	ecDNA_1	0.37164118555600767	0.37164118555600767	0
BS_AED5JAXC	amplicon1	Complex-non-cyclic_1	7.4416304086808935	2.605348501729415	4.836281906951478
BS_AF5D41PD	amplicon1	ecDNA_1	1.7814310168680187	0.682818728199909	1.0986122886681098
BS_AF5D41PD	amplicon2	Complex-non-cyclic_1	3.932153554609586	1.367204197148049	2.5649493574615367
BS_AFAHY6HP	amplicon1	Complex-non-cyclic_1	3.1348554274916074	1.0554138858117719	2.0794415416798357
BS_AFAHY6HP	amplicon2	Linear_1	2.697224092345571	0.6177825506657353	2.0794415416798357
BS_AFAHY6HP	amplicon3	Linear_1	3.0721287144797436	0.6742334416813728	2.3978952727983707
BS_AFBPM6CN	amplicon1	Complex-non-cyclic_1	4.743806628330846	1.447969762326517	3.295836866004329
BS_AFBPM6CN	amplicon2	Linear_1	0	0	0
BS_AFBPM6CN	amplicon3	Complex-non-cyclic_1	4.856625384215951	1.2190392244895647	3.6375861597263857
BS_AFBPM6CN	amplicon4	Linear_1	2.378738075837857	0.43282792678254356	1.9459101490553135
BS_AH252MTC	amplicon1	Linear_1	2.6717411329708605	0.8799816637428056	1.791759469228055
BS_AHAXPFG3	amplicon1	ecDNA_1	3.2940199127620904	0.5859697116598801	2.70805020110221
BS_AHAXPFG3	amplicon2	Linear_1	3.0668660848965783	0.9874245432167426	2.0794415416798357
BS_AHKEJ0E3	amplicon1	Complex-non-cyclic_1	6.567769977438742	2.456896113265431	4.110873864173311
BS_AM8HDWQZ	amplicon1	ecDNA_1	2.602807893429807	0.6568977443744934	1.9459101490553135
BS_ANZMQ09Q	amplicon1	Complex-non-cyclic_1	7.02628220051284	1.8963834855897663	5.1298987149230735
BS_ANZMQ09Q	amplicon2	Linear_1	1.2005785909613413	0.5074314104013959	0.6931471805599453
BS_ANZMQ09Q	amplicon3	ecDNA_1	3.3741818086021342	0.9762865358037636	2.3978952727983707
BS_ANZMQ09Q	amplicon4	Linear_1	5.657696533488197e-13	5.657696533488197e-13	0
BS_ANZMQ09Q	amplicon5	Linear_1	3.157208747678527	0.9599841703423071	2.1972245773362196
BS_ANZMQ09Q	amplicon6	Linear_1	1.994881924536847	0.6085875634169563	1.3862943611198906
BS_ANZMQ09Q	amplicon7	Linear_1	2.48947089297842	0.6977114237503652	1.791759469228055
BS_AVMVWGX0	amplicon1	ecDNA_1	4.142192169361937	0.9641383390139912	3.1780538303479458
BS_AYPBAHJ6	amplicon1	Linear_1	2.616700075854798	0.3141149828607522	2.3025850929940455
BS_AYPBAHJ6	amplicon2	Complex-non-cyclic_1	4.897006592829495	0.9267146792773729	3.970291913552122
BS_AZD61W93	amplicon1	Complex-non-cyclic_1	5.463188104093598	1.6130405023835401	3.8501476017100584
BS_B1163H1W	amplicon1	Linear_1	0.7011235972364727	0.00797641667652736	0.6931471805599453
BS_B1163H1W	amplicon10	Linear_1	4.269917752707441e-13	4.269917752707441e-13	0
BS_B1163H1W	amplicon12	Linear_1	1.3817215850537852	0.6885744044938398	0.6931471805599453
BS_B1163H1W	amplicon13	Linear_1	9.324763183822342e-13	9.324763183822342e-13	0
BS_B1163H1W	amplicon14	Linear_1	1.0612053431728823	0.3680581626129371	0.6931471805599453
BS_B1163H1W	amplicon15	Linear_1	0	0	0
BS_B1163H1W	amplicon16	Linear_1	2.135545255682044	0.526107343247944	1.6094379124341003
BS_B1163H1W	amplicon18	ecDNA_1	3.57675088366026	0.9376935540450011	2.639057329615259
BS_B1163H1W	amplicon19	Linear_1	7.968070647731574e-13	7.968070647731574e-13	0
BS_B1163H1W	amplicon2	ecDNA_1	2.7027029986898388	0.6232614570100029	2.0794415416798357
BS_B1163H1W	amplicon2	ecDNA_2	4.066426028003205	0.8883721976552588	3.1780538303479458
BS_B1163H1W	amplicon2	ecDNA_3	4.667529765410594	1.1710222039441134	3.4965075614664802
BS_B1163H1W	amplicon29	ecDNA_1	4.695207616713628	0.7633819839893015	3.9318256327243257
BS_B1163H1W	amplicon32	Complex-non-cyclic_1	3.4506644354536657	1.2534398581174464	2.1972245773362196
BS_B1163H1W	amplicon35	Complex-non-cyclic_1	5.8390213024445945	2.0103799059555	3.828641396489095
BS_B1163H1W	amplicon36	Linear_1	1.0594918653866898	0.3663446848267444	0.6931471805599453
BS_B1163H1W	amplicon37	Linear_1	5.385691892455183e-13	5.385691892455183e-13	0
BS_B1163H1W	amplicon38	Linear_1	1.236808177649602	0.5436609970896569	0.6931471805599453
BS_B1163H1W	amplicon39	Linear_1	4.0101255649452617e-13	4.0101255649452617e-13	0
BS_B1163H1W	amplicon4	Linear_1	1.1169099164414922	0.42376273588154695	0.6931471805599453
BS_B1163H1W	amplicon40	Linear_1	3.160808185067282	0.8582230920732363	2.3025850929940455
BS_B1163H1W	amplicon41	Linear_1	7.447376049182776e-13	7.447376049182776e-13	0
BS_B1163H1W	amplicon43	Linear_1	1.601928235367682	0.5033159466995722	1.0986122886681098
BS_B1163H1W	amplicon44	Linear_1	2.384351825984608	0.9980574648647174	1.3862943611198906
BS_B1163H1W	amplicon45	Linear_1	1.7455915406503886	0.6469792519822788	1.0986122886681098
BS_B1163H1W	amplicon47	Linear_1	3.063640211454917	1.1177300623996034	1.9459101490553135
BS_B1163H1W	amplicon48	Linear_1	1.928499546048085	0.31906163361398465	1.6094379124341003
BS_B1163H1W	amplicon49	Linear_1	2.311393591659718	0.7019556792256177	1.6094379124341003
BS_B1163H1W	amplicon50	Linear_1	0	0	0
BS_B1163H1W	amplicon55	Linear_1	1.7863836437704146	0.6877713551023047	1.0986122886681098
BS_B1163H1W	amplicon56	Linear_1	2.597896594921721	0.8061371256936662	1.791759469228055
BS_B1163H1W	amplicon9	Linear_1	8.999467837607469e-13	8.999467837607469e-13	0
BS_B19AWBBW	amplicon1	Complex-non-cyclic_1	5.705213979287689	1.6621627114531383	4.04305126783455
BS_B4P1NP87	amplicon1	ecDNA_1	0.9547350773063424	0.26158789674639715	0.6931471805599453
BS_B5S27A0B	amplicon1	Linear_1	1.4251437870179167	0.3265314983498069	1.0986122886681098
BS_B5V3KSQY	amplicon1	ecDNA_1	8.064144390814892	2.7608394827558156	5.303304908059076
BS_B8TG51S6	amplicon1	ecDNA_1	3.14637281736162	0.6614661675736196	2.4849066497880004
BS_B8TG51S6	amplicon2	ecDNA_1	2.5391092573470875	0.5931991082917741	1.9459101490553135
BS_B9QP40ER	amplicon1	ecDNA_1	2.372335299543563	0.580575830315508	1.791759469228055
BS_BF2MCS03	amplicon1	ecDNA_1	5.965147762625763	1.3500272457845033	4.61512051684126
BS_BF2MCS03	amplicon2	Linear_1	2.713603676312295	0.9218442070842402	1.791759469228055
BS_BP8A42GM	amplicon1	ecDNA_1	2.4082597908979686	0.6165003216699136	1.791759469228055
BS_BQWMQM2Y	amplicon1	Complex-non-cyclic_1	5.884013946736532	1.8586622560013828	4.02535169073515
BS_BX8AR74E	amplicon1	Linear_1	3.2470374770254016	0.8491422042270308	2.3978952727983707
BS_BX8AR74E	amplicon2	ecDNA_1	4.969273418977952	1.3316872592515665	3.6375861597263857
BS_C19DFVR5	amplicon1	Linear_1	1.964349623091042	0.8657373344229322	1.0986122886681098
BS_C19DFVR5	amplicon2	ecDNA_1	1.8831667269155423	0.4968723657956517	1.3862943611198906
BS_C19DFVR5	amplicon3	Complex-non-cyclic_1	5.0208405919978665	1.2141781022275466	3.8066624897703196
BS_C2NH5FDT	amplicon1	ecDNA_1	1.3487986396913245	0.6556514591313792	0.6931471805599453
BS_CBMAWSAR	amplicon1	Complex-non-cyclic_1	4.036454676191887	1.397397346576629	2.639057329615259
BS_CBMAWSAR	amplicon2	Complex-non-cyclic_1	6.078948525307418	2.018505514760999	4.060443010546419
BS_CBMAWSAR	amplicon3	Linear_1	1.2210769990308379	0.12246471036272803	1.0986122886681098
BS_CKX0R5FN	amplicon1	ecDNA_1	2.5390887770248627	0.5931786279695492	1.9459101490553135
BS_CKX0R5FN	amplicon2	ecDNA_1	2.8209355939058214	0.4230403211074506	2.3978952727983707
BS_D1CNC603	amplicon1	Linear_1	2.9507792065481095	1.004869057492796	1.9459101490553135
BS_D368BNRD	amplicon1	Complex-non-cyclic_1	6.330158370211496	1.960710517744475	4.3694478524670215
BS_DPRBAXTR	amplicon1	ecDNA_1	2.543105526143537	0.46366398446370116	2.0794415416798357
BS_DPRBAXTR	amplicon2	ecDNA_1	1.6774470930647654	0.5788348043966556	1.0986122886681098
BS_DQ53BKED	amplicon1	ecDNA_1	1.799024345327237	0.18958643289313679	1.6094379124341003
BS_DYA4EMPF	amplicon1	ecDNA_1	1.5237057923517596	0.42509350368364984	1.0986122886681098
BS_E1FCN4JK	amplicon1	ecDNA_1	3.5702828382464973	1.1723875654481266	2.3978952727983707
BS_E1FCN4JK	amplicon2	ecDNA_1	3.0471392895005085	0.33908908839829827	2.70805020110221
BS_E1GFZBG3	amplicon1	Complex-non-cyclic_1	2.2819749351378458	0.6725370227037456	1.6094379124341003
BS_E1VJCEWB	amplicon1	ecDNA_1	3.055815786345373	0.8585912090091536	2.1972245773362196
BS_E3N4JN0X	amplicon1	ecDNA_1	3.7578447564323314	0.6223505405031817	3.1354942159291497
BS_E3N4JN0X	amplicon1	ecDNA_2	3.587247811122508	0.8791976100202978	2.70805020110221
BS_E3N4JN0X	amplicon1	ecDNA_3	4.128631294502558	0.8327944284982287	3.295836866004329
BS_E3N4JN0X	amplicon2	Linear_1	3.1412294004472625	0.944004823111043	2.1972245773362196
BS_E4C16ZWG	amplicon1	Complex-non-cyclic_1	5.3317291496168355	1.7482102111607252	3.58351893845611
BS_E8Z367DQ	amplicon1	ecDNA_1	0.5899905040586537	0.5899905040586537	0
BS_EJP43CD9	amplicon1	ecDNA_1	1.3857280890760073	0.6925809085160621	0.6931471805599453
BS_EJP43CD9	amplicon1	ecDNA_2	4.4558873920712365	0.6716977581529753	3.784189633918261
BS_EJP43CD9	amplicon2	Linear_1	1.774012344990441	0.6754000563223312	1.0986122886681098
BS_EJP43CD9	amplicon3	ecDNA_1	2.994231377054909	0.6916462840608639	2.3025850929940455
BS_EJV0N3BX	amplicon1	ecDNA_1	4.040568889300803	0.6732730593143292	3.367295829986474
BS_EJV0N3BX	amplicon2	BFB_1	2.0704907181006704	0.6841963569807799	1.3862943611198906
BS_EMAYQWCN	amplicon1	Linear_1	2.736537666287048	0.944778197058993	1.791759469228055
BS_EP25TTAG	amplicon1	Complex-non-cyclic_1	4.2195999826009905	1.1285575292426748	3.0910424533583156
BS_EP25TTAG	amplicon2	ecDNA_1	1.3239259178148461	0.22531362914673636	1.0986122886681098
BS_EP25TTAG	amplicon3	ecDNA_1	2.4773018511353815	0.5313917020800678	1.9459101490553135
BS_EP25TTAG	amplicon3	ecDNA_2	7.402640503537167	1.9821055042648807	5.420534999272286
BS_EP25TTAG	amplicon4	ecDNA_1	0.33764493460132916	0.33764493460132916	0
BS_EQK3VTV0	amplicon1	ecDNA_1	5.820201975412383	1.6006942702362754	4.219507705176107
BS_ERDKHKT5	amplicon1	ecDNA_1	2.8628328465217816	0.5602477535277361	2.3025850929940455
BS_F0GNWEJJ	amplicon1	Linear_1	2.9332092310592334e-13	2.9332092310592334e-13	0
BS_F0GNWEJJ	amplicon2	Linear_1	0	0	0
BS_F0GNWEJJ	amplicon3	Linear_1	6.772360450213226e-14	6.772360450213226e-14	0
BS_F26AAE9K	amplicon1	Complex-non-cyclic_1	4.9575463446296375	1.2939846984999912	3.6635616461296463
BS_F4CJJFW1	amplicon1	Complex-non-cyclic_1	6.629919920322047	2.381424678272688	4.248495242049359
BS_F4CJJFW1	amplicon2	Complex-non-cyclic_1	3.140311769840687	0.7424164970423162	2.3978952727983707
BS_F4CJJFW1	amplicon3	Linear_1	1.7223007677318296	0.6236884790637198	1.0986122886681098
BS_F4CJJFW1	amplicon4	Linear_1	1.1971030217351442	0.5039558411751989	0.6931471805599453
BS_F4CJJFW1	amplicon5	Complex-non-cyclic_1	5.157402949113707	1.6020548876242935	3.5553480614894135
BS_F7VH8BQX	amplicon1	ecDNA_1	0.5905551050463793	0.5905551050463793	0
BS_F8KR1QWE	amplicon1	Complex-non-cyclic_1	5.063934154165729	1.537573629549567	3.5263605246161616
BS_F8KR1QWE	amplicon2	ecDNA_1	2.640211116436467	0.4429865391002473	2.1972245773362196
BS_FKQ7F6D1	amplicon1	Linear_1	1.3725994807428799	0.6794523001829345	0.6931471805599453
BS_FKQ7F6D1	amplicon2	ecDNA_1	4.603350697867618	1.2711461876924142	3.332204510175204
BS_FKQ7F6D1	amplicon3	Linear_1	0.6669948296500097	0.6669948296500097	0
BS_FZ8D57HJ	amplicon1	Linear_1	1.62573969327785	0.2394453321579595	1.3862943611198906
BS_G4EX0H98	amplicon1	ecDNA_1	5.994532151882234	1.8673977668371429	4.127134385045092
BS_G6KYSGQF	amplicon1	ecDNA_1	4.558742591875128	0.9211564321487421	3.6375861597263857
BS_GBSSZBMF	amplicon1	BFB_1	3.3831860622605845	0.985290789462214	2.3978952727983707
BS_GGY4Q2C9	amplicon1	ecDNA_1	3.9740319846120666	0.6418274744368628	3.332204510175204
BS_GH6PH611	amplicon1	Linear_1	3.154610994626727	0.9573864172905074	2.1972245773362196
BS_GM3NRFRR	amplicon1	Complex-non-cyclic_1	4.839738181309781	1.8440059077557902	2.995732273553991
BS_GM3NRFRR	amplicon10	Complex-non-cyclic_1	2.059865697915365	0.6735713367954745	1.3862943611198906
BS_GM3NRFRR	amplicon11	Linear_1	0.6299997188749917	0.6299997188749917	0
BS_GM3NRFRR	amplicon2	Complex-non-cyclic_1	9.727748842806536	3.622955610391551	6.104793232414985
BS_GM3NRFRR	amplicon3	Linear_1	0.6875803755589507	0.6875803755589507	0
BS_GM3NRFRR	amplicon4	Complex-non-cyclic_1	2.9731969733226107	1.027286824267297	1.9459101490553135
BS_GM3NRFRR	amplicon5	Linear_1	0.6478590424447725	0.6478590424447725	0
BS_GM3NRFRR	amplicon6	Linear_1	1.807172489312998	0.7085602006448881	1.0986122886681098
BS_GM3NRFRR	amplicon8	Linear_1	2.0785087482626534	0.692214387142763	1.3862943611198906
BS_GM3NRFRR	amplicon9	Linear_1	0.6005652233079659	0.6005652233079659	0
BS_GS9JCK55	amplicon1	Linear_1	2.5013465271435726	0.8919086147094722	1.6094379124341003
BS_GS9JCK55	amplicon2	Linear_1	2.1800181952902866	1.081405906622177	1.0986122886681098
BS_GW7MKKP9	amplicon1	ecDNA_1	1.8961406472715965	0.5098462861517059	1.3862943611198906
BS_GWPJKM7G	amplicon1	ecDNA_1	7.120047859830235	2.2917341225279335	4.8283137373023015
BS_GWPJKM7G	amplicon2	ecDNA_1	2.4221583443771393	0.6303988751490843	1.791759469228055
BS_GY8AVNHY	amplicon1	ecDNA_1	0.3886238069188884	0.3886238069188884	0
BS_GY8AVNHY	amplicon2	ecDNA_1	1.519865108882199	0.4212528202140893	1.0986122886681098
BS_HEJ72V3F	amplicon1	Complex-non-cyclic_1	5.700035725052986	1.5256484551573497	4.174387269895637
BS_HEJ72V3F	amplicon2	Linear_1	3.1598746364258683	1.0804330947460326	2.0794415416798357
BS_HPVAR2P6	amplicon1	ecDNA_1	0.4732719235864592	0.4732719235864592	0
BS_HPVAR2P6	amplicon1	ecDNA_2	2.618452080924105	0.6725419318687915	1.9459101490553135
BS_HPVAR2P6	amplicon1	ecDNA_3	6.005352782323737	1.8006601629327714	4.204692619390966
BS_HPVAR2P6	amplicon1	ecDNA_4	3.9499534207447096	1.0055144415782689	2.9444389791664407
BS_HPVAR2P6	amplicon1	ecDNA_5	3.688919527650354	1.1239701701888172	2.5649493574615367
BS_HTQ9CT6Q	amplicon1	BFB_1	5.441785528813163	1.8582665903570532	3.58351893845611
BS_HTQ9CT6Q	amplicon2	Linear_1	1.3843632883577062	0.691216107797761	0.6931471805599453
BS_HYKV2TH9	amplicon1	ecDNA_1	1.347652128815402	0.6545049482554567	0.6931471805599453
BS_HYKV2TH9	amplicon2	ecDNA_1	0.46098692071397057	0.46098692071397057	0
BS_HYKV2TH9	amplicon2	ecDNA_2	5.6285970685601034	1.5177232043867919	4.110873864173311
BS_J4E9SW51	amplicon1	Linear_1	1.7037631228301207	0.6051508341620108	1.0986122886681098
BS_J7EY237P	amplicon1	ecDNA_1	1.001930065266242	0.3087828847062966	0.6931471805599453
BS_J90F99EV	amplicon1	ecDNA_1	1.7871086554147324	0.6884963667466226	1.0986122886681098
BS_JB3J82ZK	amplicon1	ecDNA_1	5.317662082010142	1.2746108141755916	4.04305126783455
BS_JD05XR6E	amplicon1	ecDNA_1	2.748222864714795	0.8023127156594818	1.9459101490553135
BS_JEZBA2EW	amplicon1	Linear_1	9.805489753484576e-13	9.805489753484576e-13	0
BS_JEZBA2EW	amplicon2	Linear_1	2.4593966544719668	0.8499587420378664	1.6094379124341003
BS_JGKRN7NA	amplicon1	Complex-non-cyclic_1	5.045639872942006	1.6116526684568602	3.4339872044851463
BS_JGKRN7NA	amplicon2	Complex-non-cyclic_1	3.711731800440231	1.003681599338021	2.70805020110221
BS_JGKRN7NA	amplicon3	Linear_1	0	0	0
BS_JHWHDEBK	amplicon1	BFB_1	3.5177549364677145	1.215169843473669	2.3025850929940455
BS_JM979K1M	amplicon1	Linear_1	1.3410876121633044	0.6479404316033592	0.6931471805599453
BS_JRFVST47	amplicon1	Complex-non-cyclic_1	5.634286962999355	1.573843952452936	4.060443010546419
BS_JRFVST47	amplicon2	ecDNA_1	4.40175516675395	0.9360192639542233	3.4657359027997265
BS_K07KNTFY	amplicon1	ecDNA_1	4.338586116675322	0.8728502138755955	3.4657359027997265
BS_K3F9WTAN	amplicon1	ecDNA_1	4.238286551879096	0.8370891702169403	3.4011973816621555
BS_K9APGGRV	amplicon1	Complex-non-cyclic_1	4.638451756029495	1.5939293183060719	3.044522437723423
BS_K9APGGRV	amplicon2	Linear_1	1.2713894481605492	0.17277715949243955	1.0986122886681098
BS_K9APGGRV	amplicon3	Complex-non-cyclic_1	5.164036890583759	1.6675293291172784	3.4965075614664802
BS_K9VSRKD1	amplicon1	ecDNA_1	2.208581897323358	0.5991439848892578	1.6094379124341003
BS_KEWYG829	amplicon1	ecDNA_1	1.8506991583678443	0.4644047972479536	1.3862943611198906
BS_KEWYG829	amplicon2	ecDNA_1	2.5987157047944507	0.5192741631146147	2.0794415416798357
BS_KFZKF2P8	amplicon1	ecDNA_1	3.1738725778141195	0.6889659280261192	2.4849066497880004
BS_KHSYAB3J	amplicon1	Linear_1	1.159731864220995	0.46658468366104977	0.6931471805599453
BS_KRYYDC2X	amplicon1	Linear_1	1.1236212416975202	0.4304740611375749	0.6931471805599453
BS_KSHETTQC	amplicon1	Linear_1	2.579547813790279	0.9701099013561787	1.6094379124341003
BS_KVC8X5BX	amplicon1	Complex-non-cyclic_1	5.746637763303317	1.8346147578751717	3.912023005428146
BS_KVC8X5BX	amplicon2	Linear_1	2.64467795567335	1.03524004323925	1.6094379124341003
BS_KWHEFBG0	amplicon1	Complex-non-cyclic_1	2.849765880148409	1.2403279677143084	1.6094379124341003
BS_KWHEFBG0	amplicon3	ecDNA_1	0.5988797114523381	0.5988797114523381	0
BS_KWHEFBG0	amplicon4	Linear_1	3.294993445165499	0.8970981723671281	2.3978952727983707
BS_KWHEFBG0	amplicon5	ecDNA_1	2.872308462389539	0.9263983133342255	1.9459101490553135
BS_KWHEFBG0	amplicon6	Linear_1	2.0345579022166227	0.6482635410967321	1.3862943611198906
BS_KWHEFBG0	amplicon7	Linear_1	3.9546144137140256e-13	3.9546144137140256e-13	0
BS_KYPMZZSY	amplicon1	Complex-non-cyclic_1	5.920710391285937	1.3255905411513464	4.59511985013459
BS_M29BNE7Z	amplicon1	ecDNA_1	3.8559145582251113	0.5600776922207822	3.295836866004329
BS_M4E4H6NG	amplicon1	ecDNA_1	4.735546258423582	0.9978766401402144	3.7376696182833684
BS_MD2R88X3	amplicon1	Linear_1	0.7000076574864298	0.006860476926484484	0.6931471805599453
BS_MEE1Y50H	amplicon1	BFB_1	3.025177643354146	0.9457361016743104	2.0794415416798357
BS_MEE1Y50H	amplicon2	Linear_1	0.5699890117138824	0.5699890117138824	0
BS_MEE1Y50H	amplicon3	Linear_1	0.6865516625787711	0.6865516625787711	0
BS_MGFDE2ZH	amplicon1	ecDNA_1	0.5121920358691517	0.5121920358691517	0
BS_MTYNW7BX	amplicon1	ecDNA_1	4.5679374379878475	1.1339502335027014	3.4339872044851463
BS_MVC1NCZX	amplicon1	Linear_1	1.3832731357299628	0.6901259551700174	0.6931471805599453
BS_MVQYCQMP	amplicon1	Linear_1	4.952704912851598e-13	4.952704912851598e-13	0
BS_MZS6FZKF	amplicon1	ecDNA_1	4.12500594560275	0.9061301207345491	3.2188758248682006
BS_N3FWKZB8	amplicon1	ecDNA_1	5.173642595358762	1.1846585487944876	3.9889840465642745
BS_N4B3WB8W	amplicon1	ecDNA_1	4.802110650898089	1.1911927382538647	3.6109179126442243
BS_NE82PE7G	amplicon1	Linear_1	0.6910501975724247	0.6910501975724247	0
BS_NMQTPVFW	amplicon1	Linear_1	2.4171197410179257	0.47120959196261214	1.9459101490553135
BS_NNFDFAFM	amplicon1	Linear_1	2.3235231860440018	0.12629860870778228	2.1972245773362196
BS_NQDVWQY7	amplicon1	BFB_1	3.7226806577864924	1.237774007998492	2.4849066497880004
BS_NTCKT2C2	amplicon1	Linear_1	4.386676508707774	1.6140877864679926	2.772588722239781
BS_P3NDA9Z7	amplicon1	BFB_1	4.4428673443274365	1.1470304783231076	3.295836866004329
BS_P3PF53V8	amplicon1	Linear_1	1.329110967231891	0.6359637866719456	0.6931471805599453
BS_P3PF53V8	amplicon2	Linear_1	2.509456221915548	0.9000183094814476	1.6094379124341003
BS_P4K6WK9Y	amplicon1	ecDNA_1	2.3179876598833795	0.3720775108280659	1.9459101490553135
BS_P99S85CY	amplicon1	Complex-non-cyclic_1	4.162780993730688	1.071738540372372	3.0910424533583156
BS_P99S85CY	amplicon2	ecDNA_1	2.920325812026243	0.7231012346900236	2.1972245773362196
BS_PA5M3880	amplicon1	ecDNA_1	3.788315858619911	1.0157271363801301	2.772588722239781
BS_PBP7633F	amplicon1	Linear_1	2.826132092873347	0.42823682007497643	2.3978952727983707
BS_PCMHH474	amplicon1	ecDNA_1	3.7929305984482466	1.0848803973460366	2.70805020110221
BS_PMFR8NPN	amplicon1	ecDNA_1	2.138965047526373	0.5295271350922727	1.6094379124341003
BS_PMFR8NPN	amplicon2	ecDNA_1	0.6931363766230612	0.6931363766230612	0
BS_PMFR8NPN	amplicon3	Complex-non-cyclic_1	3.888598011556845	1.0553846675006286	2.833213344056216
BS_PPY0EWPG	amplicon1	ecDNA_1	1.8254498407164261	0.4391554795965355	1.3862943611198906
BS_PS00F8DA	amplicon1	ecDNA_1	3.2850304945323527	0.5124417722925716	2.772588722239781
BS_QG6V29H7	amplicon1	Linear_1	1.7753882484978438	0.676775959829734	1.0986122886681098
BS_QG6V29H7	amplicon2	ecDNA_1	1.3502847535802516	0.2516724649121418	1.0986122886681098
BS_QMY84KF4	amplicon1	ecDNA_1	0.27684011450176416	0.27684011450176416	0
BS_QQP17PDQ	amplicon1	Complex-non-cyclic_1	7.0528072272918685	2.089962597031962	4.962844630259907
BS_QQP17PDQ	amplicon2	ecDNA_1	6.806122041653737	1.8934671559176848	4.912654885736052
BS_QSEKE2HK	amplicon1	Linear_1	0.6320366396947127	0.6320366396947127	0
BS_QWCKETN7	amplicon1	ecDNA_1	2.5834276106998013	0.5039860690199653	2.0794415416798357
BS_R06ABMXP	amplicon1	ecDNA_1	3.2922712420690226	0.8943759692706518	2.3978952727983707
BS_R06ABMXP	amplicon2	ecDNA_1	0.5109235090382676	0.5109235090382676	0
BS_R1BYKPF1	amplicon1	Complex-non-cyclic_1	7.230775398009898	2.220140103913643	5.0106352940962555
BS_R1G6SG0K	amplicon1	Linear_1	1.7136470011751292	0.6150347125070195	1.0986122886681098
BS_R8820GP1	amplicon1	ecDNA_1	4.472959842143791	1.1771229761394615	3.295836866004329
BS_R88BSH78	amplicon1	BFB_1	5.974867444635128	2.062844439206983	3.912023005428146
BS_R8F3DR5F	amplicon1	ecDNA_1	3.5921833468382753	0.9531260172230165	2.639057329615259
BS_R8F3DR5F	amplicon2	ecDNA_1	2.7333321294679447	0.6538905877881089	2.0794415416798357
BS_RGSJMSRE	amplicon1	Linear_1	1.3482006928047103	0.655053512244765	0.6931471805599453
BS_RWJ0571Q	amplicon1	ecDNA_1	2.5470493430091676	0.14915407021079702	2.3978952727983707
BS_RWJ0571Q	amplicon1	ecDNA_2	3.6812476319932146	0.462371807125014	3.2188758248682006
BS_RWJ0571Q	amplicon1	ecDNA_3	1.9218235327016175	0.535529171581727	1.3862943611198906
BS_RWJ0571Q	amplicon1	ecDNA_4	3.353184101146554	0.5805953789067728	2.772588722239781
BS_RXSBJ929	amplicon1	Complex-non-cyclic_1	6.516427658284618	1.7802292098901222	4.736198448394496
BS_RXSBJ929	amplicon2	ecDNA_1	7.1638677099985975	2.146587873183673	5.017279836814924
BS_S0T3CQ97	amplicon1	ecDNA_1	3.4219511227725374	0.7139009216703275	2.70805020110221
BS_S4CG60MW	amplicon1	ecDNA_1	3.2010987883146775	0.49304858721246764	2.70805020110221
BS_S6XJN6XC	amplicon1	ecDNA_1	3.94680954620308	1.3077522165878213	2.639057329615259
BS_S791VC80	amplicon1	Complex-non-cyclic_1	6.677888476610116	1.9157145418123602	4.762173934797756
BS_S791VC80	amplicon2	ecDNA_1	6.950129278254987	2.121815540952685	4.8283137373023015
BS_SPN3A4M0	amplicon1	Linear_1	3.7188374474749413	1.1538880900134045	2.5649493574615367
BS_SPN3A4M0	amplicon2	Linear_1	2.0778821927173277	0.6915878315974371	1.3862943611198906
BS_SQSH5G7A	amplicon1	BFB_1	2.52886285086152	0.9194249384274198	1.6094379124341003
BS_TE8QFF7T	amplicon1	ecDNA_1	2.0874693884877393	0.47803147605363905	1.6094379124341003
BS_TF5TTEXH	amplicon1	ecDNA_1	2.1123125115106776	0.5028745990765775	1.6094379124341003
BS_TFYBVE0A	amplicon1	ecDNA_1	1.3996475441097238	0.301035255441614	1.0986122886681098
BS_TNQKJZCP	amplicon1	ecDNA_1	3.91201274082149	0.6931369159532894	3.2188758248682006
BS_TQ0J7WJQ	amplicon1	Linear_1	1.786326072201302	0.6877137835331921	1.0986122886681098
BS_TYE6Q66H	amplicon1	ecDNA_1	3.7013225289172746	1.303427256118904	2.3978952727983707
BS_TZPJHKQR	amplicon1	Complex-non-cyclic_1	4.312884764101938	1.221842310743622	3.0910424533583156
BS_TZWCWMJJ	amplicon1	Linear_1	2.0328926031475647	0.4234546907134644	1.6094379124341003
BS_V27ABVGT	amplicon1	Complex-non-cyclic_1	5.6070036496610305	1.5639523818264804	4.04305126783455
BS_VRDQTVHR	amplicon1	ecDNA_1	5.272509144889915	1.634922985163529	3.6375861597263857
BS_VRDQTVHR	amplicon2	Complex-non-cyclic_1	4.867334553524733	1.5000387235382595	3.367295829986474
BS_VXAXJ87Y	amplicon1	ecDNA_1	2.6419919157267575	1.032554003292657	1.6094379124341003
BS_VYDJK425	amplicon1	Linear_1	1.643466772609189	0.5448544839410792	1.0986122886681098
BS_VYDJK425	amplicon2	Linear_1	1.6694615609315262	0.5708492722634164	1.0986122886681098
BS_VYDJK425	amplicon3	Linear_1	2.965762393789061	0.4808557440010607	2.4849066497880004
BS_VYDJK425	amplicon4	Linear_1	2.529398233678445	0.33217365634222545	2.1972245773362196
BS_VYDJK425	amplicon5	Complex-non-cyclic_1	4.137739558639446	1.4296893575372351	2.70805020110221
BS_VYDJK425	amplicon6	Linear_1	3.101963130802206e-13	3.101963130802206e-13	0
BS_VYDJK425	amplicon7	ecDNA_1	1.315574406745489	0.6224272261855437	0.6931471805599453
BS_VYDJK425	amplicon8	Linear_1	2.0790371255394486	0.6927427644195582	1.3862943611198906
BS_W005KCS2	amplicon1	Linear_1	2.930519452068805	0.851077910388969	2.0794415416798357
BS_W2QCHQ7E	amplicon1	Complex-non-cyclic_1	6.2239838071871	1.9898773025898404	4.23410650459726
BS_W37QBA12	amplicon1	ecDNA_1	6.290481870807726	1.8361345745542186	4.454347296253507
BS_W37QBA12	amplicon1	ecDNA_2	6.067647244453765	1.2801555016717185	4.787491742782046
BS_W37QBA12	amplicon2	Linear_1	2.060550171311057	0.6742558101911662	1.3862943611198906
BS_W37QBA12	amplicon3	Linear_1	1.3833128161864052	0.6901656356264598	0.6931471805599453
BS_W3DXWFMX	amplicon1	Linear_1	3.0647644294889114	0.9853228878090758	2.0794415416798357
BS_W3R2DQ86	amplicon1	Linear_1	1.7906531559751941	0.6920408673070844	1.0986122886681098
BS_WFJAG7PD	amplicon1	ecDNA_1	3.2351623517198824	0.4625736294801015	2.772588722239781
BS_WH8KWW5J	amplicon1	ecDNA_1	6.805492714489715	1.4824827353513061	5.3230099791384085
BS_WH8KWW5J	amplicon2	Linear_1	1.368277157040033	0.6751299764800878	0.6931471805599453
BS_WH8KWW5J	amplicon3	Linear_1	1.2740428756710984	0.5808956951111531	0.6931471805599453
BS_WH8KWW5J	amplicon4	Complex-non-cyclic_1	3.005617946351893	0.8083933690156734	2.1972245773362196
BS_WH8KWW5J	amplicon5	Linear_1	1.8115994744048234	0.7129871857367136	1.0986122886681098
BS_WH8KWW5J	amplicon6	Linear_1	1.1092625987962563	0.41611541823631093	0.6931471805599453
BS_WMXKD55A	amplicon1	ecDNA_1	7.603757153785514	2.2518990203094478	5.351858133476067
BS_WPCBK1EG	amplicon1	ecDNA_1	2.468280725434867	0.6765212562068117	1.791759469228055
BS_WPCBK1EG	amplicon2	Complex-non-cyclic_1	4.6707180196542595	1.236730815169113	3.4339872044851463
BS_X1DSETVE	amplicon1	Linear_1	3.417408893787817	0.8524595363262806	2.5649493574615367
BS_X1DSETVE	amplicon2	ecDNA_1	4.3205817907047726	0.6317023365908361	3.6888794541139363
BS_X2VRDBVG	amplicon1	ecDNA_1	2.5322145394278093	0.22962944643376382	2.3025850929940455
BS_X2VRDBVG	amplicon2	ecDNA_1	2.088819658580594	0.47938174614649387	1.6094379124341003
BS_X2VRDBVG	amplicon2	ecDNA_2	3.47308255708286	0.9081331996213233	2.5649493574615367
BS_X2VRDBVG	amplicon3	ecDNA_1	2.614407042507232	0.534965500827396	2.0794415416798357
BS_X2VRDBVG	amplicon4	Complex-non-cyclic_1	4.969008131259018	1.3054464851293723	3.6635616461296463
BS_X3KSK1AF	amplicon1	ecDNA_1	3.658514726648369	0.9504645255461588	2.70805020110221
BS_XB34VS6P	amplicon1	ecDNA_1	3.170925507029663	0.6860188572416627	2.4849066497880004
BS_XBE002WV	amplicon1	Linear_1	7.10098646549998e-13	7.10098646549998e-13	0
BS_XEVMEYFS	amplicon1	ecDNA_1	2.3304443366271195	0.7210064241930192	1.6094379124341003
BS_XH4QH13B	amplicon1	ecDNA_1	0.8675190889910385	0.17437190843109313	0.6931471805599453
BS_XHAQXDR0	amplicon1	Linear_1	0.6697022395303789	0.6697022395303789	0
BS_XJZQA3AP	amplicon1	ecDNA_1	7.126161078441914	2.444029851317694	4.68213122712422
BS_XKBT2G20	amplicon1	ecDNA_1	0.6705716824477097	0.6705716824477097	0
BS_XMP9XNR9	amplicon1	Linear_1	1.4238025120948707	0.325190223426761	1.0986122886681098
BS_XMP9XNR9	amplicon2	Complex-non-cyclic_1	3.552265623957075	0.9132082943418162	2.639057329615259
BS_XQGE3TD3	amplicon1	Complex-non-cyclic_1	4.272259761116397	1.1812173077580805	3.0910424533583156
BS_XWYBVJ4R	amplicon1	ecDNA_1	6.583134198185446	1.7628526325804093	4.820281565605037
BS_XWYBVJ4R	amplicon2	Linear_1	2.3191934055811974	0.709755493147097	1.6094379124341003
BS_XWYBVJ4R	amplicon3	ecDNA_1	3.7136927753171256	0.8233210174209606	2.890371757896165
BS_Y3472DYJ	amplicon1	Linear_1	0.6747166469349095	0.6747166469349095	0
BS_Y7PRDGED	amplicon1	ecDNA_1	2.8124994716280813	0.6152748942918616	2.1972245773362196
BS_Y7PRDGED	amplicon2	ecDNA_1	1.0148096513660323	0.3216624708060869	0.6931471805599453
BS_Y9Q9RPNZ	amplicon1	ecDNA_1	1.3268900043042695	0.6337428237443241	0.6931471805599453
BS_YACC792T	amplicon1	Linear_1	2.396798372987921	0.7873604605538205	1.6094379124341003
BS_YC4RWPH3	amplicon1	ecDNA_1	5.623379191423139	1.56293618087672	4.060443010546419
BS_YETTZ1NC	amplicon1	Linear_1	2.6127261517899005	0.8209666825618457	1.791759469228055
BS_YETTZ1NC	amplicon2	Linear_1	0.7148414766651263	0.02169429610518102	0.6931471805599453
BS_YETTZ1NC	amplicon3	ecDNA_1	3.5580506050400196	1.0731439552520192	2.4849066497880004
BS_YETTZ1NC	amplicon4	ecDNA_1	2.167460835904361	0.5580229234702607	1.6094379124341003
BS_YKB20Z8Y	amplicon1	Complex-non-cyclic_1	4.700634091740037	1.2348981889403106	3.4657359027997265
BS_YMYESCY7	amplicon1	ecDNA_1	3.764434635697245	0.7687023621432543	2.995732273553991
BS_YRGD4MKR	amplicon1	ecDNA_1	3.415144030025464	0.5819306859692479	2.833213344056216
BS_YTTPJ4RX	amplicon1	Complex-non-cyclic_1	7.02562570249669	2.5829744460063733	4.442651256490317
BS_YYJDGT6Y	amplicon1	ecDNA_1	5.4627916851624185	1.455458499929947	4.007333185232471
BS_Z0BN60RK	amplicon1	ecDNA_1	1.2161836597990257	0.5230364792390803	0.6931471805599453
BS_Z36ZZZ9N	amplicon1	ecDNA_1	3.3317985871253297	0.9339033143269588	2.3978952727983707
BS_Z5VJCFNP	amplicon1	Linear_1	2.975006828222784	1.0290966791674705	1.9459101490553135
BS_ZSH09N84	amplicon1	Complex-non-cyclic_1	7.779562250400447	2.5065626918367006	5.272999558563747
BS_ZV21J6YW	amplicon1	ecDNA_1	2.7337556420252267	0.5365310646890071	2.1972245773362196
BS_ZW7VSY3Z	amplicon1	Linear_1	0.7017390678756199	0.008591887315674665	0.6931471805599453
BS_ZYP3XG56	amplicon1	ecDNA_1	1.3728052840967853	0.6796581035368399	0.6931471805599453
SJACT001_D	amplicon1	ecDNA_1	1.982459311664965	0.5961649505450743	1.3862943611198906
SJACT001_D	amplicon2	Complex-non-cyclic_1	3.2148686338165886	1.0176440564803693	2.1972245773362196
SJACT005_D	amplicon1	Complex-non-cyclic_1	3.669276023890543	1.1843693741025423	2.4849066497880004
SJACT005_D	amplicon10	Linear_1	1.7734406477582283	0.6748283590901185	1.0986122886681098
SJACT005_D	amplicon11	Linear_1	3.4778325907158973	0.9128832332543606	2.5649493574615367
SJACT005_D	amplicon13	Complex-non-cyclic_1	6.731665677930559	2.3128250701339605	4.418840607796598
SJACT005_D	amplicon14	Linear_1	2.363544420981526	0.5717849517534714	1.791759469228055
SJACT005_D	amplicon15	Linear_1	3.7152123016964174	1.007162100594207	2.70805020110221
SJACT005_D	amplicon2	Linear_1	1.1740063583835212	0.4808591778235759	0.6931471805599453
SJACT005_D	amplicon4	Linear_1	1.7912876466697887	0.6926753580016789	1.0986122886681098
SJACT005_D	amplicon5	Linear_1	4.527714505059817	1.7551257828200355	2.772588722239781
SJACT005_D	amplicon6	Linear_1	1.2304685486404117	0.5373213680804664	0.6931471805599453
SJACT005_D	amplicon7	Complex-non-cyclic_1	3.831416867031662	1.4335215942332913	2.3978952727983707
SJACT005_D	amplicon9	ecDNA_1	3.918471843730793	0.6603753057093107	3.258096538021482
SJACT030812_D1	amplicon1	Complex-non-cyclic_1	4.651933130705003	1.2507357490428472	3.4011973816621555
SJACT062_D.WholeGenome	amplicon4	Linear_1	1.240976594597802	0.5478294140378566	0.6931471805599453
SJACT062_D.WholeGenome	amplicon5	ecDNA_1	0.692169099640916	0.692169099640916	0
SJACT069_D	amplicon1	Linear_1	2.7437894412548687	0.9520299720268139	1.791759469228055
SJACT069_D	amplicon2	ecDNA_1	1.7917582987880933	0.6931460101199836	1.0986122886681098
SJACT069_D	amplicon3	ecDNA_1	1.7350130466107356	0.6364007579426258	1.0986122886681098
SJACT069_D	amplicon4	Complex-non-cyclic_1	2.9629482467101442	0.7657236693739246	2.1972245773362196
SJACT069_D	amplicon5	Linear_1	1.971008970218857	0.5847146090989663	1.3862943611198906
SJBALL031914_D2.WholeGenome	amplicon1	Linear_1	0	0	0
SJBALL031914_D2.WholeGenome	amplicon2	Complex-non-cyclic_1	4.2309545376398585	1.0954603217107088	3.1354942159291497
SJBALL031914_D3.WholeGenome	amplicon1	Linear_1	0	0	0
SJBT030078_D1	amplicon1	BFB_1	3.5592042727754034	0.9942549153138667	2.5649493574615367
SJBT030809_D1	amplicon1	ecDNA_1	1.875837009936736	0.4895426488168455	1.3862943611198906
SJBT030809_D1	amplicon2	Linear_1	1.0747546789643088	0.38160749840436353	0.6931471805599453
SJBT031447_D1.WholeGenome	amplicon1	Linear_1	0	0	0
SJBT031450_D2.WholeGenome	amplicon1	Linear_1	0.6721276381232231	0.6721276381232231	0
SJBT031605_D1.WholeGenome	amplicon1	Complex-non-cyclic_1	5.977834630404909	2.149193233915814	3.828641396489095
SJBT031605_D1.WholeGenome	amplicon2	Linear_1	0	0	0
SJBT032180_D1.WholeGenome	amplicon1	ecDNA_1	4.63052655924373	1.1965393547585843	3.4339872044851463
SJBT032844_D1.WholeGenome	amplicon1	Complex-non-cyclic_1	6.376215680531702	1.9694964332674494	4.406719247264253
SJBT032844_D1.WholeGenome	amplicon2	Complex-non-cyclic_1	2.274973450748789	0.6655355383146888	1.6094379124341003
SJBT032844_D1.WholeGenome	amplicon3	Linear_1	0	0	0
SJBT033249_D1.WholeGenome	amplicon1	Complex-non-cyclic_1	4.5281607559942705	1.4371183026359546	3.0910424533583156
SJEPD030060_D1.WholeGenome	amplicon1	Linear_1	0.6651449996694281	0.6651449996694281	0
SJEPD030250_D1.WholeGenome	amplicon1	Linear_1	1.3854026107231108	0.6922554301631656	0.6931471805599453
SJEPD030784_D1.WholeGenome	amplicon1	Linear_1	0.6083705857923064	0.6083705857923064	0
SJEPD031010_D1.WholeGenome	amplicon1	ecDNA_1	0.6859346048558035	0.6859346048558035	0
SJEPD039_D.WholeGenome	amplicon1	Linear_1	2.0794188544753602	0.6931244933554697	1.3862943611198906
SJHGG002_D	amplicon1	ecDNA_1	2.6122371592031493	0.6663270101478357	1.9459101490553135
SJHGG003_A.WholeGenome	amplicon1	ecDNA_1	6.065578862974178	1.9224441365826448	4.143134726391533
SJHGG004_D	amplicon1	BFB_1	5.84088933705085	0.95808741446448	4.882801922586371
SJHGG006_A.WholeGenome	amplicon1	Complex-non-cyclic_1	4.010518566795567	0.6783140566203637	3.332204510175204
SJHGG006_A.WholeGenome	amplicon2	BFB_1	3.7329032236564013	0.9603145014166201	2.772588722239781
SJHGG009_A.WholeGenome	amplicon1	BFB_1	3.0836907867510464	1.0042492450712104	2.0794415416798357
SJHGG009_A.WholeGenome	amplicon2	Complex-non-cyclic_1	4.595032742212824	1.2628282320376207	3.332204510175204
SJHGG010_D	amplicon1	Linear_1	1.9834914458194604	0.5971970846995698	1.3862943611198906
SJHGG011_D	amplicon1	Linear_1	3.6561278071195202	1.3535427141254748	2.3025850929940455
SJHGG011_D	amplicon2	Complex-non-cyclic_1	5.60137212814828	1.689349122720134	3.912023005428146
SJHGG011_D	amplicon3	Complex-non-cyclic_1	3.088076198999788	0.8908516216635683	2.1972245773362196
SJHGG011_D	amplicon4	ecDNA_1	2.694505600824794	0.39192050783074844	2.3025850929940455
SJHGG011_D	amplicon5	ecDNA_1	2.992775715442569	0.42782635798103247	2.5649493574615367
SJHGG019_E	amplicon1	Linear_1	4.884908894919576	1.1007192610013148	3.784189633918261
SJHGG019_E	amplicon2	ecDNA_1	7.212352041478355	2.106406567577775	5.10594547390058
SJHGG019_S	amplicon1	ecDNA_1	5.857676358617779	1.7145416322262457	4.143134726391533
SJHGG019_S	amplicon2	BFB_1	3.3644163207054594	1.1671917433692398	2.1972245773362196
SJHGG022_D	amplicon1	Linear_1	2.6325357341280045	0.8407762648999497	1.791759469228055
SJHGG030020_D1.WholeGenome	amplicon1	ecDNA_1	6.551941611763184	0.19757157096583383	6.354370040797351
SJHGG030230_D1	amplicon1	ecDNA_1	2.2455754576005313	0.4538159883724763	1.791759469228055
SJHGG030230_R1	amplicon1	ecDNA_1	4.944807889587371	1.853765436229055	3.0910424533583156
SJHGG030703_D1.WholeGenome	amplicon1	Linear_1	1.3628696950343837	0.6697225144744385	0.6931471805599453
SJHGG030803_D2.WholeGenome	amplicon1	ecDNA_1	7.109388379654121	1.8110710131060839	5.298317366548036
SJHGG031184_D2.WholeGenome	amplicon1	Linear_1	1.4971321585666435	0.11083779744675286	1.3862943611198906
SJHGG031184_D2.WholeGenome	amplicon2	Linear_1	0	0	0
SJHGG031274_D1.WholeGenome	amplicon1	Complex-non-cyclic_1	5.23678951484554	1.3655885039376496	3.871201010907891
SJHGG031274_D1.WholeGenome	amplicon2	Complex-non-cyclic_1	3.5201089526613294	1.217523859667284	2.3025850929940455
SJHGG031282_D1.WholeGenome	amplicon1	ecDNA_1	3.9729077600983023	0.9283853223748791	3.044522437723423
SJHGG031322_D1.WholeGenome	amplicon1	Complex-non-cyclic_1	3.468154384290646	0.9832477345026458	2.4849066497880004
SJHGG031396_D1.WholeGenome	amplicon1	Linear_1	2.0810471102468147e-09	2.0810471102468147e-09	0
SJHGG031590_D1.WholeGenome	amplicon1	Linear_1	1.7248054253661096	0.6261931366979998	1.0986122886681098
SJHGG031600_D2.WholeGenome	amplicon1	Complex-non-cyclic_1	3.064440707989033	0.8672161306528137	2.1972245773362196
SJHGG031600_D2.WholeGenome	amplicon2	Complex-non-cyclic_1	3.216765020401525	1.2708548713462116	1.9459101490553135
SJHGG031600_D2.WholeGenome	amplicon3	ecDNA_1	3.6933405463386175	0.9207518240988364	2.772588722239781
SJHGG031600_D2.WholeGenome	amplicon4	ecDNA_1	4.77714647129463	1.343159266809484	3.4339872044851463
SJHGG031966_D1.WholeGenome	amplicon1	ecDNA_1	5.207477796674911	1.7734905921897648	3.4339872044851463
SJHGG032168_D1.WholeGenome	amplicon1	ecDNA_1	1.4604883574049001	0.3618760687367904	1.0986122886681098
SJHGG032206_D1.WholeGenome	amplicon1	Linear_1	0.6733125889330032	0.6733125889330032	0
SJHGG032466_D1.WholeGenome	amplicon1	Linear_1	0	0	0
SJHGG032492_D1.WholeGenome	amplicon1	ecDNA_1	0.7496963909552115	0.05654921039526621	0.6931471805599453
SJHGG032492_D1.WholeGenome	amplicon1	ecDNA_2	1.5510746631443209	0.1647803020244303	1.3862943611198906
SJHGG032625_D1.WholeGenome	amplicon1	ecDNA_1	2.8873999949202993	0.6901754175840795	2.1972245773362196
SJHGG032625_D1.WholeGenome	amplicon1	ecDNA_2	3.4017710752644845	0.7627137456492254	2.639057329615259
SJHGG032625_D1.WholeGenome	amplicon2	Complex-non-cyclic_1	6.6905627045194755	2.271722096722877	4.418840607796598
SJHGG032625_D1.WholeGenome	amplicon3	Complex-non-cyclic_1	3.3795047902845905	0.8945981404965904	2.4849066497880004
SJHGG032740_D1.WholeGenome	amplicon1	Complex-non-cyclic_1	4.294666214172672	1.0365696761511896	3.258096538021482
SJHGG044_D	amplicon1	ecDNA_1	2.3091940869593883	0.5174346177313333	1.791759469228055
SJHGG052_A.WholeGenome	amplicon1	ecDNA_1	5.849149819817113	1.7887068092706937	4.060443010546419
SJHGG052_A.WholeGenome	amplicon1	ecDNA_2	3.5385136408304017	0.8994563112151428	2.639057329615259
SJHGG052_A.WholeGenome	amplicon2	ecDNA_1	1.8084526643203602	0.19901475188625994	1.6094379124341003
SJHGG059115_D1.WholeGenome	amplicon1	Linear_1	1.5186321529732822	0.13233779185339165	1.3862943611198906
SJHGG059115_D1.WholeGenome	amplicon2	Linear_1	1.9951294500585526	0.608835088938662	1.3862943611198906
SJHGG059_A.WholeGenome	amplicon1	Linear_1	0	0	0
SJHGG075_A.WholeGenome	amplicon1	ecDNA_1	3.4754199133516805	0.8363625837364217	2.639057329615259
SJHM030102_D1	amplicon1	Linear_1	2.5033677305195634	0.55745758146425	1.9459101490553135
SJLGG031460_D1.WholeGenome	amplicon1	Linear_1	0.6677408148287725	0.6677408148287725	0
SJLGG040_D	amplicon1	ecDNA_1	1.6348530649010486	0.536240776232939	1.0986122886681098
SJMB003_D	amplicon1	Complex-non-cyclic_1	2.2979018374951776	0.6884639250610772	1.6094379124341003
SJMB004_D	amplicon1	Complex-non-cyclic_1	4.711104130211696	1.4922283053434962	3.2188758248682006
SJMB004_D	amplicon2	ecDNA_1	4.445856819290084	0.6391943295197641	3.8066624897703196
SJMB004_D	amplicon2	ecDNA_2	2.73405030150636	0.5368257241701406	2.1972245773362196
SJMB004_D	amplicon3	Linear_1	1.7508615971509895	0.36456723603109903	1.3862943611198906
SJMB008_D	amplicon1	ecDNA_1	3.824507831422567	1.1854505018073083	2.639057329615259
SJMB019_D	amplicon1	ecDNA_1	2.7608248000851603	0.6813832584053245	2.0794415416798357
SJMB024_D	amplicon1	Linear_1	2.1815882433881948e-13	2.1815882433881948e-13	0
SJMB024_D	amplicon2	Complex-non-cyclic_1	4.950743306245077	1.313157146518692	3.6375861597263857
SJMB027_D	amplicon1	ecDNA_1	2.71135781326302	0.4087727202689745	2.3025850929940455
SJMB030020_D1	amplicon1	ecDNA_1	4.473554662633536	0.7846752085195994	3.6888794541139363
SJMB030020_D1	amplicon1	ecDNA_2	5.278368852810901	1.1840242905888005	4.0943445622221
SJMB030020_D1	amplicon2	ecDNA_1	2.21124953145934	0.6018116190252399	1.6094379124341003
SJMB030020_D1	amplicon3	ecDNA_1	3.749480125884234	0.8591083679880691	2.890371757896165
SJMB030020_D1	amplicon4	ecDNA_1	6.371884379214169	1.9530437714175708	4.418840607796598
SJMB030056_D1	amplicon1	ecDNA_1	1.7400630727206763	0.6414507840525665	1.0986122886681098
SJMB030181_D1	amplicon1	ecDNA_1	5.048722701830721	1.6475253201685656	3.4011973816621555
SJMB030296_D1	amplicon1	ecDNA_1	1.7456009706281752	0.1361630581940749	1.6094379124341003
SJMB030312_D1	amplicon1	ecDNA_1	4.8291304128173085	1.2456114743611986	3.58351893845611
SJMB030610_D1	amplicon1	Linear_1	1.890956334336976	0.7923440456688662	1.0986122886681098
SJMB030610_D1	amplicon2	Complex-non-cyclic_1	3.0426027172795065	0.7400176242854613	2.3025850929940455
SJMB030610_D1	amplicon3	ecDNA_1	2.888109351103365	0.4902140783049943	2.3978952727983707
SJMB030757_D1	amplicon1	Linear_1	2.50937552866728	0.7176160594392254	1.791759469228055
SJMB030757_D1	amplicon2	Complex-non-cyclic_1	2.7537903894314466	0.8078802403761333	1.9459101490553135
SJMB030757_D1	amplicon3	Complex-non-cyclic_1	3.334203474901944	1.1369788975657242	2.1972245773362196
SJMB030757_D1	amplicon4	Linear_1	3.1523981205434817	0.9551735432072619	2.1972245773362196
SJMB030910_D2.WholeGenome	amplicon1	Complex-non-cyclic_1	1.7784406921241787	0.6798284034560689	1.0986122886681098
SJMB030910_D2.WholeGenome	amplicon2	Complex-non-cyclic_1	2.478594016803019	0.6868345475749642	1.791759469228055
SJMB030910_D2.WholeGenome	amplicon3	Complex-non-cyclic_1	3.3883559712151627	1.0857708782211173	2.3025850929940455
SJMB030910_D2.WholeGenome	amplicon4	Linear_1	1.3768820282858414	0.683734847725896	0.6931471805599453
SJMB030910_D2.WholeGenome	amplicon5	Complex-non-cyclic_1	2.9087822153054033	0.9628720662500898	1.9459101490553135
SJMB030910_D2.WholeGenome	amplicon6	ecDNA_1	1.9877393195772015	0.6014449584573108	1.3862943611198906
SJMB030915_D2	amplicon1	ecDNA_1	3.5602162486402547	0.8521660475380448	2.70805020110221
SJMB031418_D2.WholeGenome	amplicon1	ecDNA_1	2.841738393898616	0.6445138165623963	2.1972245773362196
SJMB031439_D1.WholeGenome	amplicon1	ecDNA_1	1.7184126548113654	0.3321182936914747	1.3862943611198906
SJMB031439_D1.WholeGenome	amplicon2	Linear_1	1.7416018751201117	0.6429895864520019	1.0986122886681098
SJMB031439_D1.WholeGenome	amplicon3	ecDNA_1	2.1086351247282398	0.4991972122941395	1.6094379124341003
SJMB031476_D3.WholeGenome	amplicon1	Complex-non-cyclic_1	3.358045005352202	1.0554599123581565	2.3025850929940455
SJMB031813_D1.WholeGenome	amplicon1	Linear_1	2.9111587778787493	0.9652486288234359	1.9459101490553135
SJMB031813_D1.WholeGenome	amplicon2	ecDNA_1	4.634476884460893	0.6832331658794659	3.951243718581427
SJMB031853_D1.WholeGenome	amplicon1	ecDNA_1	2.0040927174809755	0.6177983563610849	1.3862943611198906
SJMB031853_D1.WholeGenome	amplicon2	ecDNA_1	2.055286632865222	0.6689922717453314	1.3862943611198906
SJMB032002_D1.WholeGenome	amplicon1	ecDNA_1	3.041146249849114	0.9617047081692784	2.0794415416798357
SJMB032351_D2.WholeGenome	amplicon1	ecDNA_1	3.2579097520225035	0.6929603945609667	2.5649493574615367
SJMB032425_D1.WholeGenome	amplicon1	ecDNA_1	3.635071572803878	0.996014243188619	2.639057329615259
SJMB032603_D1.WholeGenome	amplicon1	ecDNA_1	0.21511345458520542	0.21511345458520542	0
SJMB032603_D1.WholeGenome	amplicon2	Complex-non-cyclic_1	4.954632922910047	1.2169633046266783	3.7376696182833684
SJMB038_D	amplicon1	ecDNA_1	6.902842721149675	1.8922074270534193	5.0106352940962555
SJMB067_D	amplicon1	BFB_1	4.54586298303156	1.1785671530450852	3.367295829986474
SJMEL030508_D1	amplicon1	Linear_1	1.1193421804343753	0.42619499987443	0.6931471805599453
SJMEL030604_D1	amplicon1	Complex-non-cyclic_1	4.7280723857968106	1.2623364829970842	3.4657359027997265
SJMEL031086_D3.WholeGenome	amplicon1	ecDNA_1	1.7104724111382825	0.6118601224701727	1.0986122886681098
SJMEL031086_D3.WholeGenome	amplicon1	ecDNA_2	6.490514621855957	1.2123999626254394	5.278114659230518
SJNBL001_D	amplicon1	Complex-non-cyclic_1	8.071310294238408	2.9355118571881462	5.135798437050262
SJNBL004_D	amplicon1	ecDNA_1	4.448465665665699	0.9827297628659727	3.4657359027997265
SJNBL007_D	amplicon1	Linear_1	3.348861916880825	0.950966644082454	2.3978952727983707
SJNBL008_D	amplicon1	ecDNA_1	3.4638758711341353	0.8989265136725986	2.5649493574615367
SJNBL010_D	amplicon1	ecDNA_1	4.965097752566058	1.4387372279498956	3.5263605246161616
SJNBL012_D	amplicon1	ecDNA_1	3.7531452541805965	0.808706275014156	2.9444389791664407
SJNBL013_D	amplicon1	Linear_1	2.9354296771084827e-13	2.9354296771084827e-13	0
SJNBL014_D	amplicon1	ecDNA_1	3.079354040762754	0.6814587679643833	2.3978952727983707
SJNBL015_D	amplicon1	Linear_1	1.9684254226602087e-13	1.9684254226602087e-13	0
SJNBL016_D	amplicon1	ecDNA_1	4.690742188098688	1.3949053220943588	3.295836866004329
SJNBL017_D	amplicon1	ecDNA_1	3.5951396683510213	0.8225509461112399	2.772588722239781
SJNBL019_D	amplicon1	ecDNA_1	3.4912293300110306	1.0063226802230305	2.4849066497880004
SJNBL021_D	amplicon1	ecDNA_1	3.4811329271942997	1.083237654395929	2.3978952727983707
SJNBL023_D	amplicon1	ecDNA_1	6.472199330887249	1.8374703426576129	4.634728988229636
SJNBL027_D	amplicon1	ecDNA_1	3.8830521399357494	0.4818547582735939	3.4011973816621555
SJNBL030096_D1	amplicon1	ecDNA_1	4.161476616266681	0.9033800782451988	3.258096538021482
SJNBL030107_D1	amplicon1	ecDNA_1	5.54527812051034	1.5022268526757898	4.04305126783455
SJNBL030177_D1	amplicon1	ecDNA_1	3.875370874439983	0.9309318952735424	2.9444389791664407
SJNBL030810_D2.WholeGenome	amplicon1	ecDNA_1	1.766609902333661	0.3803155412137703	1.3862943611198906
SJNBL030810_D2.WholeGenome	amplicon2	ecDNA_1	1.7585914192374368	0.6599791305693269	1.0986122886681098
SJNBL030820_D1	amplicon1	ecDNA_1	3.21501994357833	0.6500705861167932	2.5649493574615367
SJNBL030_D	amplicon1	ecDNA_1	3.882286670375434	0.8377642326520109	3.044522437723423
SJNBL031239_D1	amplicon1	ecDNA_1	4.410201552146052	1.1913257272778517	3.2188758248682006
SJNBL031668_D1.WholeGenome	amplicon1	ecDNA_1	6.332626307905054	2.084131065855695	4.248495242049359
SJNBL031668_D1.WholeGenome	amplicon2	Linear_1	1.9941640105666876	0.6078696494467969	1.3862943611198906
SJNBL031668_D2.WholeGenome	amplicon1	ecDNA_1	6.8961126804336725	2.3963030101034075	4.499809670330265
SJNBL031802_D2.WholeGenome	amplicon1	ecDNA_1	3.3047246700994757	0.5321359478596948	2.772588722239781
SJNBL032008_D1.WholeGenome	amplicon1	Complex-non-cyclic_1	3.0044969842775595	0.8072724069413397	2.1972245773362196
SJNBL032008_D1.WholeGenome	amplicon2	Linear_1	1.0130364325306902	0.3198892519707449	0.6931471805599453
SJNBL032268_D1.WholeGenome	amplicon1	Complex-non-cyclic_1	5.257846887103652	1.6202607273772662	3.6375861597263857
SJNBL032268_D1.WholeGenome	amplicon2	Linear_1	0	0	0
SJNBL032779_D1.WholeGenome	amplicon1	ecDNA_1	5.828866727544967	2.044677093626706	3.784189633918261
SJNBL032876_D1.WholeGenome	amplicon1	ecDNA_1	4.333144481390603	1.1142686565224018	3.2188758248682006
SJNBL033_D	amplicon1	ecDNA_1	3.2066163274929806	0.4985661263907706	2.70805020110221
SJNBL037_D	amplicon1	Linear_1	6.14175377222448e-13	6.14175377222448e-13	0
SJNBL037_D	amplicon2	Linear_1	0.7358415223641676	0.042694341804222255	0.6931471805599453
SJNBL044_D	amplicon1	ecDNA_1	5.671091254552275	1.982211800438339	3.6888794541139363
SJNBL046_D	amplicon1	BFB_1	2.6449785868628046	0.34239349386875906	2.3025850929940455
SJNBL101_D	amplicon1	ecDNA_1	2.741196541482088	0.3433012686837175	2.3978952727983707
SJNBL105_D	amplicon1	BFB_1	3.1346538397168384	0.49559651010157946	2.639057329615259
SJNBL117_D	amplicon1	ecDNA_1	4.374083428427635	0.7905644899715257	3.58351893845611
SJNBL124_D	amplicon1	BFB_1	4.421215922405918	1.0200185407437627	3.4011973816621555
SJNBL124_D	amplicon1	ecDNA_1	3.81460052734681	0.518763661342481	3.295836866004329
SJNBL186_R	amplicon1	ecDNA_1	2.418999512832901	0.6272400436048461	1.791759469228055
SJNBL187_R	amplicon1	ecDNA_1	4.457173315958622	0.6070257142485638	3.8501476017100584
SJNBL189_R	amplicon1	ecDNA_1	4.183272646762366	0.8159768167758916	3.367295829986474
SJNBL191_R	amplicon1	ecDNA_1	5.099125581939802	1.2704841854507074	3.828641396489095
SJNBL192_R	amplicon1	ecDNA_1	5.26257980682932	1.350556801401174	3.912023005428146
SJNBL193_R	amplicon1	Linear_1	4.682920717867814e-13	4.682920717867814e-13	0
SJNBL194_R	amplicon1	ecDNA_1	5.138397211580379	0.8076638712940478	4.330733340286331
SJNBL194_R	amplicon2	Linear_1	2.2223153205822737	0.4305558513542188	1.791759469228055
SJNBL195_R	amplicon1	ecDNA_1	5.166727511875498	1.6113794503860848	3.5553480614894135
SJNBL196_R	amplicon1	ecDNA_1	2.896241886629492	0.4983466138311211	2.3978952727983707
SJNBL197_R	amplicon1	ecDNA_1	0.6734196267401196	0.6734196267401196	0
SJNBL198_R	amplicon1	ecDNA_1	4.714689563250653	1.2489536604509268	3.4657359027997265
SJOS001101_M1	amplicon1	Linear_1	0	0	0
SJOS001101_M1	amplicon2	Linear_1	0.6746537918215141	0.6746537918215141	0
SJOS001101_M1	amplicon3	ecDNA_1	3.0329203174268136	0.6350250446284427	2.3978952727983707
SJOS001101_M2.WholeGenome	amplicon1	Complex-non-cyclic_1	7.204061153124889	2.2342478535488883	4.969813299576001
SJOS001101_M2.WholeGenome	amplicon2	BFB_1	3.3749621734339614	1.0723770804399158	2.3025850929940455
SJOS001101_M3.WholeGenome	amplicon1	Linear_1	1.2532434389588074	0.5600962583988622	0.6931471805599453
SJOS001101_M3.WholeGenome	amplicon2	Complex-non-cyclic_1	5.538598200243035	1.6467779021324085	3.891820298110627
SJOS001101_M3.WholeGenome	amplicon3	Complex-non-cyclic_1	4.666114713883651	1.0285285541572655	3.6375861597263857
SJOS001101_M3.WholeGenome	amplicon4	ecDNA_1	2.2000916154177768	0.5906537029836767	1.6094379124341003
SJOS001101_M3.WholeGenome	amplicon5	Complex-non-cyclic_1	4.522630270372927	1.578191291206486	2.9444389791664407
SJOS001101_M3.WholeGenome	amplicon6	Complex-non-cyclic_1	5.398071580040343	1.5268705691324516	3.871201010907891
SJOS001101_M3.WholeGenome	amplicon7	Linear_1	2.6667649390637944	0.8750054698357397	1.791759469228055
SJOS001101_M5.WholeGenome	amplicon1	Complex-non-cyclic_1	2.668424081132386	0.8766646119043313	1.791759469228055
SJOS001101_M5.WholeGenome	amplicon2	ecDNA_1	4.373607670018527	0.6124075543249642	3.7612001156935624
SJOS001101_M5.WholeGenome	amplicon3	Linear_1	2.3637118814519282	0.4178017323966147	1.9459101490553135
SJOS001101_M5.WholeGenome	amplicon4	ecDNA_1	4.657512158875164	1.1917762560754375	3.4657359027997265
SJOS001101_M5.WholeGenome	amplicon5	ecDNA_1	1.7866610639580522	0.6880487752899423	1.0986122886681098
SJOS001101_M5.WholeGenome	amplicon7	Linear_1	0.3840802066263522	0.3840802066263522	0
SJOS001101_M6.WholeGenome	amplicon1	Linear_1	2.303090146666201	0.9167957855463106	1.3862943611198906
SJOS001101_M6.WholeGenome	amplicon10	Linear_1	1.7348812228446433	0.6362689341765334	1.0986122886681098
SJOS001101_M6.WholeGenome	amplicon2	ecDNA_1	1.38616395624017	0.6930167756802246	0.6931471805599453
SJOS001101_M6.WholeGenome	amplicon2	ecDNA_2	2.886876037958428	0.4889807651600573	2.3978952727983707
SJOS001101_M6.WholeGenome	amplicon3	Complex-non-cyclic_1	3.3907527626601017	1.0881676696660563	2.3025850929940455
SJOS001101_M6.WholeGenome	amplicon4	Linear_1	2.5844325735346674	0.974994661100567	1.6094379124341003
SJOS001101_M6.WholeGenome	amplicon5	Linear_1	2.0509938049285443	0.6646994438086539	1.3862943611198906
SJOS001101_M6.WholeGenome	amplicon6	ecDNA_1	3.064531959885688	0.6666366870873175	2.3978952727983707
SJOS001101_M6.WholeGenome	amplicon7	Linear_1	1.8040635404662129	0.4177691793463224	1.3862943611198906
SJOS001101_M6.WholeGenome	amplicon8	BFB_1	2.3501251653377366	0.9638308042178461	1.3862943611198906
SJOS001101_M6.WholeGenome	amplicon9	Linear_1	1.4869216968793667e-12	1.4869216968793667e-12	0
SJOS001101_M7.WholeGenome	amplicon1	Linear_1	0	0	0
SJOS001101_M7.WholeGenome	amplicon2	Linear_1	2.100024160502171	0.7137297993822803	1.3862943611198906
SJOS001101_M7.WholeGenome	amplicon3	Complex-non-cyclic_1	5.957597320495747	1.8800598765900272	4.07753744390572
SJOS001101_M7.WholeGenome	amplicon4	ecDNA_1	4.610451919913871	1.2431560899273961	3.367295829986474
SJOS001101_M7.WholeGenome	amplicon4	ecDNA_2	1.2069222386125933	0.5137750580526479	0.6931471805599453
SJOS001101_M7.WholeGenome	amplicon5	Linear_1	1.810023473719079	0.42372911259918844	1.3862943611198906
SJOS001101_M7.WholeGenome	amplicon6	Linear_1	3.296418369171651	1.2169768274918153	2.0794415416798357
SJOS001101_M7.WholeGenome	amplicon7	BFB_1	2.4622136643883388	1.0759193032684482	1.3862943611198906
SJOS001101_M7.WholeGenome	amplicon8	Linear_1	3.269705219808733	0.9671201268146874	2.3025850929940455
SJOS001101_M7.WholeGenome	amplicon9	Linear_1	1.0061521928862227	0.3130050123262773	0.6931471805599453
SJOS001101_M8	amplicon1	Linear_1	2.584720119636236	0.9752822072021355	1.6094379124341003
SJOS001101_M8	amplicon2	ecDNA_1	0.651170965148398	0.651170965148398	0
SJOS001101_M8	amplicon3	ecDNA_1	3.705682737076763	0.66116029935334	3.044522437723423
SJOS001101_M8	amplicon4	Complex-non-cyclic_1	5.107523628651799	1.5521755671623851	3.5553480614894135
SJOS001101_M8	amplicon5	Linear_1	1.260595165445706	0.5674479848857606	0.6931471805599453
SJOS001101_M8	amplicon6	Linear_1	0	0	0
SJOS001101_M8	amplicon7	Linear_1	2.061351653472581	0.9627393648044713	1.0986122886681098
SJOS001103_D1	amplicon1	Linear_1	2.855745752409362	0.7763042107295262	2.0794415416798357
SJOS001103_D1	amplicon2	Complex-non-cyclic_1	4.49878015142046	1.407737698062144	3.0910424533583156
SJOS001103_D1	amplicon3	Linear_1	1.8870553073160905	0.5007609461962	1.3862943611198906
SJOS001103_D1	amplicon4	Linear_1	2.5509401222082717	0.9415022097741715	1.6094379124341003
SJOS001103_D1	amplicon5	Linear_1	0	0	0
SJOS001103_D1	amplicon6	Complex-non-cyclic_1	3.9008622437409968	1.261804914125738	2.639057329615259
SJOS001103_D1	amplicon7	Complex-non-cyclic_1	4.380985179087711	0.8256371175982975	3.5553480614894135
SJOS001104_M1	amplicon1	ecDNA_1	3.7800941288389325	0.6445999129097829	3.1354942159291497
SJOS001105_D1	amplicon1	Linear_1	1.60994544084598	0.5113331521778701	1.0986122886681098
SJOS001105_D1	amplicon2	Linear_1	2.5105981928819574	0.9011602804478573	1.6094379124341003
SJOS001105_D1	amplicon3	ecDNA_1	2.19587384974227	0.5864359373081699	1.6094379124341003
SJOS001105_D1	amplicon3	ecDNA_2	3.831012027912986	0.9977986838567701	2.833213344056216
SJOS001105_D1	amplicon4	Linear_1	2.1501223060082824	0.540684393574182	1.6094379124341003
SJOS001105_D1	amplicon5	Linear_1	1.1572737248701304	0.4641265443101851	0.6931471805599453
SJOS001105_D1	amplicon6	Linear_1	1.7643671004161616	0.6657548117480518	1.0986122886681098
SJOS001105_D1	amplicon7	Linear_1	1.5359843192379996	0.4373720305698898	1.0986122886681098
SJOS001106_D1	amplicon1	Complex-non-cyclic_1	5.632636884761574	1.538292322539474	4.0943445622221
SJOS001106_D1	amplicon2	Linear_1	1.2579933866446336	0.5648462060846883	0.6931471805599453
SJOS001106_D1	amplicon3	Linear_1	2.5435985371800696	0.7518390679520146	1.791759469228055
SJOS001106_D1	amplicon4	Complex-non-cyclic_1	5.795167267545235	1.636284184185563	4.1588830833596715
SJOS001106_D1	amplicon5	Complex-non-cyclic_1	7.30212233731094	2.024007678080422	5.278114659230518
SJOS001107_M1	amplicon1	Complex-non-cyclic_1	5.9606975423509265	1.9002545318045074	4.060443010546419
SJOS001107_M2.WholeGenome	amplicon1	Linear_1	1.6172342615756483	0.5186219729075385	1.0986122886681098
SJOS001107_M2.WholeGenome	amplicon2	Linear_1	5.6472522921603385	1.5697148482546184	4.07753744390572
SJOS001107_M2.WholeGenome	amplicon2	ecDNA_1	5.666109594537521	1.5717650323154206	4.0943445622221
SJOS001107_M2.WholeGenome	amplicon3	Linear_1	3.278497633513522	0.9759125405194763	2.3025850929940455
SJOS001107_M2.WholeGenome	amplicon4	Linear_1	3.755987096988955	0.9833983747491739	2.772588722239781
SJOS001108_M1	amplicon1	ecDNA_1	2.9829639812210056	0.6803788882269601	2.3025850929940455
SJOS001108_M1	amplicon3	Linear_1	2.964083861062829	0.8846423193829934	2.0794415416798357
SJOS001109_D1	amplicon1	Linear_1	2.962687523311845	1.0167773742565314	1.9459101490553135
SJOS001109_D1	amplicon10	Complex-non-cyclic_1	4.0678574887687375	1.3598072876665275	2.70805020110221
SJOS001109_D1	amplicon11	Complex-non-cyclic_1	4.212141377593374	1.267702398426934	2.9444389791664407
SJOS001109_D1	amplicon12	Complex-non-cyclic_1	3.1133195496087955	1.03387800792896	2.0794415416798357
SJOS001109_D1	amplicon2	Complex-non-cyclic_1	6.387048280323148	1.3308024749748402	5.056245805348308
SJOS001109_D1	amplicon2	ecDNA_1	6.453084411893171	1.3471389379925902	5.10594547390058
SJOS001109_D1	amplicon3	ecDNA_1	3.308718270466306	0.5361295482265247	2.772588722239781
SJOS001109_D1	amplicon4	Linear_1	2.913639043437987	0.7164144661017674	2.1972245773362196
SJOS001109_D1	amplicon6	Linear_1	2.9642954757491244e-14	2.9642954757491244e-14	0
SJOS001109_D1	amplicon7	Linear_1	3.277625999107261	0.8797307263088903	2.3978952727983707
SJOS001109_D1	amplicon8	Linear_1	0.9472261817805019	0.25407900122055666	0.6931471805599453
SJOS001109_D1	amplicon9	ecDNA_1	2.8410739018023934	0.6438493244661737	2.1972245773362196
SJOS001109_D1	amplicon9	ecDNA_2	1.8664835657602263	0.07472409653217128	1.791759469228055
SJOS001109_D1	amplicon9	ecDNA_3	1.6192102811419906	0.5205979924738808	1.0986122886681098
SJOS001109_D1	amplicon9	ecDNA_4	5.341668415035489	1.0241803014991788	4.31748811353631
SJOS001109_D1	amplicon9	ecDNA_5	0.4280317684420023	0.4280317684420023	0
SJOS001109_D1	amplicon9	ecDNA_6	5.2439104487803565	1.1663730048746364	4.07753744390572
SJOS001109_D1	amplicon9	ecDNA_7	2.2312106028815477	0.43945113365349275	1.791759469228055
SJOS001110_D1	amplicon1	ecDNA_1	2.0752118800532644	0.688917518933374	1.3862943611198906
SJOS001111_M1	amplicon1	Complex-non-cyclic_1	5.621870207261789	1.5443327633560702	4.07753744390572
SJOS001111_M1	amplicon10	Complex-non-cyclic_1	4.9169023504735225	1.5496065204870488	3.367295829986474
SJOS001111_M1	amplicon11	Linear_1	2.724969490760496	0.6455279490806605	2.0794415416798357
SJOS001111_M1	amplicon12	Complex-non-cyclic_1	3.8374339118117224	1.1983765821964636	2.639057329615259
SJOS001111_M1	amplicon13	Linear_1	3.362108042264081	1.059522949270036	2.3025850929940455
SJOS001111_M1	amplicon14	Linear_1	3.032851671726319	0.953410130046483	2.0794415416798357
SJOS001111_M1	amplicon2	Linear_1	2.5459749336669733	0.9365370212328731	1.6094379124341003
SJOS001111_M1	amplicon3	ecDNA_1	1.78450731369783	0.6858950250297203	1.0986122886681098
SJOS001111_M1	amplicon3	ecDNA_2	2.580816160815179	0.6349060117598655	1.9459101490553135
SJOS001111_M1	amplicon3	ecDNA_3	2.3613906057270144	0.41548045667170086	1.9459101490553135
SJOS001111_M1	amplicon4	ecDNA_1	3.5621153535908388	1.0772087038028386	2.4849066497880004
SJOS001111_M1	amplicon5	Linear_1	1.6930735790467044	0.5944612903785945	1.0986122886681098
SJOS001111_M1	amplicon6	Linear_1	0	0	0
SJOS001111_M1	amplicon7	Linear_1	0	0	0
SJOS001111_M1	amplicon8	Linear_1	7.115419364820097e-13	7.115419364820097e-13	0
SJOS001111_M1	amplicon9	Linear_1	6.450395773071951e-14	6.450395773071951e-14	0
SJOS001112_M2.WholeGenome	amplicon1	Linear_1	3.0555509044045053	1.1096407553491918	1.9459101490553135
SJOS001112_M2.WholeGenome	amplicon2	Complex-non-cyclic_1	6.107791167286857	2.1374992537347346	3.970291913552122
SJOS001112_M2.WholeGenome	amplicon3	Linear_1	1.3723524436889112	0.6792052631289658	0.6931471805599453
SJOS001112_M2.WholeGenome	amplicon4	Linear_1	3.0343336610859795	0.9548921194061438	2.0794415416798357
SJOS001112_M2.WholeGenome	amplicon5	Linear_1	0	0	0
SJOS001112_M2.WholeGenome	amplicon6	Complex-non-cyclic_1	2.74497244712149	0.9532129778934347	1.791759469228055
SJOS001112_M2.WholeGenome	amplicon7	Linear_1	3.6741998293576623	1.189293179569662	2.4849066497880004
SJOS001115_D1	amplicon1	Linear_1	3.684450841315774	1.3818657483217285	2.3025850929940455
SJOS001115_D1	amplicon2	Linear_1	2.0396976066651202	0.6534032455452297	1.3862943611198906
SJOS001115_D1	amplicon3	Linear_1	0	0	0
SJOS001115_D1	amplicon5	Linear_1	0	0	0
SJOS001115_D1	amplicon6	ecDNA_1	3.953956452388274	0.5527590707261187	3.4011973816621555
SJOS001115_D1	amplicon6	ecDNA_2	5.597726454990724	1.0651269618374672	4.532599493153256
SJOS001115_D1	amplicon7	Linear_1	1.2808862962382768	0.5877391156783314	0.6931471805599453
SJOS001115_D1	amplicon8	Linear_1	0	0	0
SJOS001117_D1	amplicon1	Linear_1	3.574348310087661	1.0093989526261242	2.5649493574615367
SJOS001117_D1	amplicon2	Linear_1	0	0	0
SJOS001117_D1	amplicon3	Linear_1	3.99569266562514e-13	3.99569266562514e-13	0
SJOS001119_D1	amplicon1	Linear_1	0	0	0
SJOS001120_D1	amplicon1	Complex-non-cyclic_1	6.222922759681524	1.9188576664773551	4.304065093204169
SJOS001120_D1	amplicon2	Linear_1	1.289340990024229	0.5961938094642837	0.6931471805599453
SJOS001120_D1	amplicon3	Linear_1	1.3966278262585978	0.010333465138707358	1.3862943611198906
SJOS001120_D1	amplicon4	Linear_1	0.6366925976177895	0.6366925976177895	0
SJOS001120_D1	amplicon5	ecDNA_1	2.8356484604141796	0.5330633674201342	2.3025850929940455
SJOS001120_D1	amplicon6	Linear_1	1.706510592652586	0.6078983039844763	1.0986122886681098
SJOS001120_D1	amplicon7	Complex-non-cyclic_1	2.846882264655441	0.6496576873192214	2.1972245773362196
SJOS001120_D1	amplicon8	Linear_1	1.3711479656882068	0.6780007851282617	0.6931471805599453
SJOS001124_D1	amplicon1	Complex-non-cyclic_1	7.889110402604736	2.5907930360567	5.298317366548036
SJOS001125_D1	amplicon1	Complex-non-cyclic_1	2.631386355908874	0.5519448142290384	2.0794415416798357
SJOS001125_D1	amplicon2	Complex-non-cyclic_1	6.088957002135402	1.578097495618552	4.51085950651685
SJOS001125_D1	amplicon3	Complex-non-cyclic_1	2.1456554083985786	0.35389593917052364	1.791759469228055
SJOS001126_D1	amplicon1	ecDNA_1	6.368548661881475	1.8687389915512094	4.499809670330265
SJOS001128_D1	amplicon1	Linear_1	1.340340830398285	0.6471936498383397	0.6931471805599453
SJOS001128_D1	amplicon2	Linear_1	2.0426781415555335	0.9440658528874236	1.0986122886681098
SJOS001128_D1	amplicon3	Linear_1	2.552857558813491	0.47341601713365533	2.0794415416798357
SJOS001128_D1	amplicon4	Complex-non-cyclic_1	2.2992419413031344	0.6898040288690339	1.6094379124341003
SJOS001128_D1	amplicon5	Linear_1	1.6802133321137198	0.5816010434456099	1.0986122886681098
SJOS001128_D1	amplicon6	ecDNA_1	2.7600762396598006	0.5628516623235811	2.1972245773362196
SJOS001128_D1	amplicon7	Complex-non-cyclic_1	2.960786941003266	1.1690274717752114	1.791759469228055
SJOS002_D	amplicon1	ecDNA_1	6.359634231828689	1.425160298697998	4.9344739331306915
SJOS003_D	amplicon1	ecDNA_1	3.033702689920804	0.3946453603055451	2.639057329615259
SJOS004_D	amplicon1	Linear_1	3.2521974656626833	1.0549728883264637	2.1972245773362196
SJOS004_D	amplicon2	Complex-non-cyclic_1	3.8118525433414536	1.1727952137261948	2.639057329615259
SJOS004_D	amplicon3	ecDNA_1	3.6207873022220225	0.485293086292873	3.1354942159291497
SJOS004_D	amplicon3	ecDNA_2	3.2428566064186164	0.6779072489570797	2.5649493574615367
SJOS004_D	amplicon3	ecDNA_3	2.411991027147596	0.3325494854677605	2.0794415416798357
SJOS004_D	amplicon3	ecDNA_4	1.572109352995449	0.4734970643273392	1.0986122886681098
SJOS004_D	amplicon3	ecDNA_5	4.106626339785024	0.8107894737806941	3.295836866004329
SJOS004_D	amplicon4	Linear_1	1.7596455359509424	0.37335117483105185	1.3862943611198906
SJOS004_D	amplicon5	Linear_1	1.1430202855273706	0.44987310496742516	0.6931471805599453
SJOS004_D	amplicon7	Linear_1	2.244799609733241	0.4530401405051864	1.791759469228055
SJOS005_D	amplicon1	Complex-non-cyclic_1	3.892712212746305	1.00234045485014	2.890371757896165
SJOS005_D	amplicon2	Complex-non-cyclic_1	6.903561797457829	1.6940756446164076	5.209486152841421
SJOS005_D	amplicon3	Complex-non-cyclic_1	6.4186109148006025	2.2139182954096372	4.204692619390966
SJOS006_D	amplicon1	ecDNA_1	0.6599958090990448	0.6599958090990448	0
SJOS006_D	amplicon2	ecDNA_1	0.5968953553281311	0.5968953553281311	0
SJOS006_D	amplicon3	Complex-non-cyclic_1	6.066519411530142	1.6006112928755585	4.465908118654584
SJOS006_D	amplicon4	Linear_1	2.7653962992690433	0.9736368300409886	1.791759469228055
SJOS008_D	amplicon1	Linear_1	2.2188550347837257	0.8325606736638351	1.3862943611198906
SJOS008_D	amplicon2	Complex-non-cyclic_1	4.301356059542688	1.0824802346744877	3.2188758248682006
SJOS010_D	amplicon1	BFB_1	3.5078899941374524	0.6746766500812361	2.833213344056216
SJOS010_D	amplicon3	Linear_1	2.6305483260886695	0.6846381770333559	1.9459101490553135
SJOS010_D	amplicon4	Complex-non-cyclic_1	3.6358854472221536	1.237990174423783	2.3978952727983707
SJOS010_M	amplicon1	BFB_1	4.965021633896448	1.1808319999781869	3.784189633918261
SJOS011_D	amplicon1	Linear_1	1.7340023850821795	0.6353900964140697	1.0986122886681098
SJOS012_D	amplicon1	Linear_1	3.092775550489706	0.7901904574956603	2.3025850929940455
SJOS012_D	amplicon10	ecDNA_1	2.7567839951125723	0.6773424534327364	2.0794415416798357
SJOS012_D	amplicon2	Complex-non-cyclic_1	4.504245444750767	1.7316567225109853	2.772588722239781
SJOS012_D	amplicon3	Linear_1	2.7296598018687854	0.9379003326407306	1.791759469228055
SJOS012_D	amplicon4	Linear_1	7.405187574247052e-13	7.405187574247052e-13	0
SJOS012_D	amplicon5	Linear_1	0	0	0
SJOS012_D	amplicon6	ecDNA_1	1.3406247342211355	0.6474775536611903	0.6931471805599453
SJOS012_D	amplicon6	ecDNA_2	2.336037521181607	0.5442780519535518	1.791759469228055
SJOS012_D	amplicon7	Linear_1	9.181544413649623e-14	9.181544413649623e-14	0
SJOS012_D	amplicon8	Linear_1	1.1947728022587156	0.09616051359060586	1.0986122886681098
SJOS012_D	amplicon9	BFB_1	3.5561244858943355	1.0712178361063351	2.4849066497880004
SJOS014_D	amplicon1	Complex-non-cyclic_1	2.70004522146926	0.7541350724139464	1.9459101490553135
SJOS014_D	amplicon2	Complex-non-cyclic_1	3.398498284977914	1.2012737076416944	2.1972245773362196
SJOS014_D	amplicon3	ecDNA_1	5.305000649849114	0.8276638353709067	4.477336814478207
SJOS014_D	amplicon3	ecDNA_2	4.640273155771648	0.5972218879370974	4.04305126783455
SJOS014_D	amplicon4	Complex-non-cyclic_1	3.5832720049427285	0.8752218038405185	2.70805020110221
SJOS014_D	amplicon5	Linear_1	2.469872599518321	0.6781131302902661	1.791759469228055
SJOS014_D	amplicon6	Linear_1	3.76365605347921e-14	3.76365605347921e-14	0
SJOS014_D	amplicon7	Linear_1	0	0	0
SJOS014_D	amplicon8	Complex-non-cyclic_1	3.322718100485856	1.1254935231496368	2.1972245773362196
SJOS015_D	amplicon1	ecDNA_1	2.4767840335409375	0.6850245643128826	1.791759469228055
SJOS016_D	amplicon1	ecDNA_1	3.744399060494748	1.3465037876963772	2.3978952727983707
SJOS016_D	amplicon2	Linear_1	1.5253726736625586	0.4267603849944489	1.0986122886681098
SJOS018_D.WholeGenome	amplicon1	ecDNA_1	9.029160895577771	2.7338948941381243	6.295266001439646
SJOS019_D	amplicon1	Linear_1	0.6932731957793253	0.00012601521938005242	0.6931471805599453
SJOS019_D	amplicon2	ecDNA_1	2.5696348772647974	0.6237247282094838	1.9459101490553135
SJOS019_D	amplicon2	ecDNA_2	4.719312173396618	0.4852056687993588	4.23410650459726
SJOS030101_D1	amplicon1	ecDNA_1	4.4268424826658865	0.689172864382518	3.7376696182833684
SJOS030101_D1	amplicon2	Linear_1	3.01758618093072e-13	3.01758618093072e-13	0
SJOS030101_D1	amplicon3	Complex-non-cyclic_1	4.458732620682575	1.2006360826610933	3.258096538021482
SJOS030101_D1	amplicon4	Linear_1	1.3407386965796613	0.647591516019716	0.6931471805599453
SJOS030129_D1	amplicon1	Linear_1	1.9993047465320417	0.6130103854121511	1.3862943611198906
SJOS030272_D1	amplicon1	ecDNA_1	0.6707999173112928	0.6707999173112928	0
SJOS030272_D1	amplicon1	ecDNA_2	4.432418062492756	1.031220680830601	3.4011973816621555
SJOS030272_D1	amplicon1	ecDNA_3	0.314478940638709	0.314478940638709	0
SJOS030279_D1	amplicon1	Complex-non-cyclic_1	7.278440255747187	2.178573827922988	5.099866427824199
SJOS030422_D1	amplicon1	Linear_1	1.1490483489363732	0.455901168376428	0.6931471805599453
SJOS030422_D1	amplicon2	ecDNA_1	2.8620763502073814	0.664851772871162	2.1972245773362196
SJOS030422_D1	amplicon3	Linear_1	2.9698593983868813	0.7726348210506615	2.1972245773362196
SJOS030422_D2.WholeGenome	amplicon1	ecDNA_1	2.9855739256886826	0.6829888326946372	2.3025850929940455
SJOS030422_D2.WholeGenome	amplicon2	Linear_1	0.615087731157079	0.615087731157079	0
SJOS030422_D2.WholeGenome	amplicon3	Linear_1	2.431180464500742	0.8217425520666417	1.6094379124341003
SJOS030579_D2.WholeGenome	amplicon1	Complex-non-cyclic_1	3.9281220455780614	0.8835996078546386	3.044522437723423
SJOS030579_D2.WholeGenome	amplicon2	Linear_1	0	0	0
SJOS030579_D2.WholeGenome	amplicon3	Linear_1	4.008024456809122	1.063585477642681	2.9444389791664407
SJOS030579_D2.WholeGenome	amplicon5	Linear_1	3.8509580338550853	1.017744689798869	2.833213344056216
SJOS030591_D2.WholeGenome	amplicon1	Complex-non-cyclic_1	5.546684930080233	1.9090987703538473	3.6375861597263857
SJOS030591_D2.WholeGenome	amplicon2	Linear_1	0	0	0
SJOS030591_D2.WholeGenome	amplicon3	Linear_1	0.9710825518028371	0.2779353712428918	0.6931471805599453
SJOS030591_D2.WholeGenome	amplicon4	Linear_1	2.5017719235632003	0.4223303818833646	2.0794415416798357
SJOS030591_D2.WholeGenome	amplicon5	Linear_1	1.3833116880098113	0.6901645074498659	0.6931471805599453
SJOS030591_D2.WholeGenome	amplicon6	Linear_1	1.7528351108556854	0.6542228221875757	1.0986122886681098
SJOS030591_D2.WholeGenome	amplicon7	Linear_1	1.082450835377756	0.38930365481781065	0.6931471805599453
SJOS030597_D1	amplicon1	Linear_1	0	0	0
SJOS030605_D1	amplicon1	Complex-non-cyclic_1	5.344757655867705	1.761238717411595	3.58351893845611
SJOS030605_D1	amplicon2	ecDNA_1	2.6868184731167792	0.8950590038887242	1.791759469228055
SJOS030605_D1	amplicon2	ecDNA_2	6.324453217469479	1.249279402235652	5.075173815233827
SJOS030605_D1	amplicon3	Linear_1	1.0469770095087982	0.35382982894885284	0.6931471805599453
SJOS030605_D1	amplicon4	Linear_1	2.287176852188646	0.9008824910687554	1.3862943611198906
SJOS030605_D1	amplicon5	Linear_1	1.3125208470786767	0.6193736665187313	0.6931471805599453
SJOS030605_D1	amplicon6	Linear_1	1.2932184465687226	0.6000712660087774	0.6931471805599453
SJOS030645_D1	amplicon2	ecDNA_1	3.846038317909393	0.8503060443554022	2.995732273553991
SJOS030645_D1	amplicon2	ecDNA_2	3.2440580451666983	0.6050007155514394	2.639057329615259
SJOS030645_D2.WholeGenome	amplicon1	ecDNA_1	2.785422252917565	0.5881976755813456	2.1972245773362196
SJOS030645_D2.WholeGenome	amplicon1	ecDNA_2	2.91297711956381	0.5150818467654397	2.3978952727983707
SJOS030645_D2.WholeGenome	amplicon2	Linear_1	0	0	0
SJOS030645_D2.WholeGenome	amplicon3	Complex-non-cyclic_1	2.9672851565764917	1.0213750075211783	1.9459101490553135
SJOS030759_D2.WholeGenome	amplicon1	ecDNA_1	4.486202279619131	0.3753284154458194	4.110873864173311
SJOS030861_D3.WholeGenome	amplicon1	ecDNA_1	1.3731988680299885	0.6800516874700432	0.6931471805599453
SJOS030861_D3.WholeGenome	amplicon1	ecDNA_2	3.5972270198191327	0.461732803889983	3.1354942159291497
SJOS030861_D3.WholeGenome	amplicon2	Linear_1	2.956712802981219	1.0108026539259052	1.9459101490553135
SJOS031071_D1	amplicon1	Linear_1	1.715125975704299	0.6165136870361891	1.0986122886681098
SJOS031071_D1	amplicon2	Complex-non-cyclic_1	7.299146014787077	2.1400907155725477	5.159055299214529
SJOS031071_D1	amplicon3	Linear_1	0	0	0
SJOS031125_D1	amplicon1	ecDNA_1	6.395023172166292	1.2533596156636315	5.14166355650266
SJOS031130_D1	amplicon1	ecDNA_1	3.739396734921986	0.5205209100537855	3.2188758248682006
SJOS031130_D1	amplicon1	ecDNA_2	1.5738073457377089	0.4751950570695991	1.0986122886681098
SJOS031130_D1	amplicon1	ecDNA_3	4.954324646495823	0.8767872025901029	4.07753744390572
SJOS031130_D1	amplicon1	ecDNA_4	2.5030697243598476	0.42362818268001207	2.0794415416798357
SJOS031478_D2.WholeGenome	amplicon1	Complex-non-cyclic_1	3.6392518195231354	1.0001944899078767	2.639057329615259
SJOS031478_D2.WholeGenome	amplicon2	Linear_1	2.566417425729661	0.48697588404982495	2.0794415416798357
SJOS031478_D2.WholeGenome	amplicon3	ecDNA_1	1.3561240171614153	0.6629768366014701	0.6931471805599453
SJOS031478_D2.WholeGenome	amplicon4	Complex-non-cyclic_1	3.265364383483225	0.7804577336952248	2.4849066497880004
SJOS031478_D2.WholeGenome	amplicon5	Linear_1	1.5346455292554497	0.43603324058733994	1.0986122886681098
SJOS031478_D2.WholeGenome	amplicon6	Linear_1	1.9783738118316063	0.5920794507117157	1.3862943611198906
SJOS031478_D2.WholeGenome	amplicon7	Complex-non-cyclic_1	3.382276127710505	1.1850515503742853	2.1972245773362196
SJOS031782_D1.WholeGenome	amplicon1	ecDNA_1	4.634426295569954	0.6270931103374823	4.007333185232471
SJOS031782_D1.WholeGenome	amplicon2	ecDNA_1	3.4333520983030583	1.0354568255046874	2.3978952727983707
SJOS031782_D1.WholeGenome	amplicon3	ecDNA_1	0.6415180246094694	0.6415180246094694	0
SJOS031782_D1.WholeGenome	amplicon4	ecDNA_1	0.4563634393478591	0.4563634393478591	0
SJOS031782_D1.WholeGenome	amplicon5	ecDNA_1	1.7632123448009769	0.664600056132867	1.0986122886681098
SJOS031782_D1.WholeGenome	amplicon6	Linear_1	1.84323940504732	0.4569450439274294	1.3862943611198906
SJOS031782_D1.WholeGenome	amplicon7	Linear_1	3.0593810917553603	0.8621565144191409	2.1972245773362196
SJOS031782_D1.WholeGenome	amplicon8	ecDNA_1	2.574158823518024	0.6282486744627107	1.9459101490553135
SJOS032468_D1.WholeGenome	amplicon1	Complex-non-cyclic_1	5.907611570784793	1.76447684439326	4.143134726391533
SJOS032468_D1.WholeGenome	amplicon2	Complex-non-cyclic_1	2.8608065090470576	0.9148963599917441	1.9459101490553135
SJOS032468_D1.WholeGenome	amplicon3	ecDNA_1	3.209316607275945	1.0120920299397254	2.1972245773362196
SJOS032468_D1.WholeGenome	amplicon4	Linear_1	1.7345762368383473	0.6359639481702376	1.0986122886681098
SJOS032468_D1.WholeGenome	amplicon5	Complex-non-cyclic_1	4.507725329681428	1.2118884636770981	3.295836866004329
SJOS032521_D1.WholeGenome	amplicon1	ecDNA_1	3.449289491713788	0.7412392906115781	2.70805020110221
SJOS032521_D1.WholeGenome	amplicon1	ecDNA_2	2.145694944017491	0.35393547478943627	1.791759469228055
SJOS032521_D1.WholeGenome	amplicon2	Complex-non-cyclic_1	5.911918767051288	1.904585581818817	4.007333185232471
SJRB001_D	amplicon1	ecDNA_1	3.1385675636996706	0.6536609139116701	2.4849066497880004
SJRB011_D	amplicon1	ecDNA_1	3.204914603795749	0.8070193309973785	2.3978952727983707
SJRB030065_D1	amplicon1	ecDNA_1	3.005298012945446	1.0593878638901324	1.9459101490553135
SJRB030065_D1	amplicon2	Linear_1	2.7763309584359224	0.6968894167560867	2.0794415416798357
SJRB030188_D1	amplicon1	ecDNA_1	2.866953809121792	0.38204715933379163	2.4849066497880004
SJRB030199_D1	amplicon1	ecDNA_1	8.042062661427659	1.0694564101259052	6.9726062513017535
SJRB032703_D1.WholeGenome	amplicon1	Linear_1	0	0	0
SJRB032703_D1.WholeGenome	amplicon2	Linear_1	6.40218877707051e-10	6.40218877707051e-10	0
SJRB032703_D1.WholeGenome	amplicon3	Linear_1	1.3856249802683092	0.6924777997083638	0.6931471805599453
SJRB039_D	amplicon1	ecDNA_1	2.0541776630780455	0.4447397506439452	1.6094379124341003
SJRB039_D	amplicon2	ecDNA_1	1.6429249558265733	0.2566305947066826	1.3862943611198906
SJRB039_D	amplicon2	ecDNA_2	3.087130973039303	0.6892357002409323	2.3978952727983707
SJRHB001_D	amplicon1	ecDNA_1	5.777708997172796	1.5582012919966897	4.219507705176107
SJRHB003_D	amplicon1	Complex-non-cyclic_1	6.287055754670652	1.4995640118886064	4.787491742782046
SJRHB003_D	amplicon2	Complex-non-cyclic_1	4.449799877600571	1.5594281197044062	2.890371757896165
SJRHB003_D	amplicon3	Linear_1	1.6521806076038534	0.042742695169753146	1.6094379124341003
SJRHB003_D	amplicon4	Linear_1	1.4186762597878917	0.3200639711197819	1.0986122886681098
SJRHB003_D	amplicon5	Linear_1	2.07551614883749	0.46607823640338947	1.6094379124341003
SJRHB003_D	amplicon6	Complex-non-cyclic_1	4.8265847226414245	1.568488184619942	3.258096538021482
SJRHB003_D	amplicon7	Linear_1	6.550315845288209e-14	6.550315845288209e-14	0
SJRHB003_D	amplicon8	ecDNA_1	7.8935133107011275	2.504441580884626	5.389071729816501
SJRHB003_D	amplicon9	Complex-non-cyclic_1	7.197193245441964	1.8790732515977475	5.318119993844216
SJRHB004_D	amplicon1	ecDNA_1	3.541002018551369	0.6506302606552039	2.890371757896165
SJRHB004_D	amplicon1	ecDNA_2	4.144243556143827	0.48068191001418076	3.6635616461296463
SJRHB006_D	amplicon1	ecDNA_1	5.1896116716714955	1.1822784864390243	4.007333185232471
SJRHB008_D	amplicon1	ecDNA_1	4.2669165044560735	0.9710796384517439	3.295836866004329
SJRHB009_D	amplicon1	ecDNA_1	2.2662292643294375	0.6567913518953374	1.6094379124341003
SJRHB011_E.WholeGenome	amplicon1	Complex-non-cyclic_1	5.399391012515714	1.8440429510263006	3.5553480614894135
SJRHB012_D	amplicon1	ecDNA_1	4.166713806949071	0.9086172689275889	3.258096538021482
SJRHB012_D	amplicon1	ecDNA_2	4.301176716701711	1.123122886353766	3.1780538303479458
SJRHB012_R.WholeGenome	amplicon1	ecDNA_1	5.097416429145067	1.542068367655654	3.5553480614894135
SJRHB012_R.WholeGenome	amplicon2	ecDNA_1	4.41539940080597	0.9496634980062427	3.4657359027997265
SJRHB012_R.WholeGenome	amplicon3	Linear_1	4.011613262994411e-10	4.011613262994411e-10	0
SJRHB012_S	amplicon1	ecDNA_1	5.309042322758907	1.6454806766292611	3.6635616461296463
SJRHB012_S	amplicon2	ecDNA_1	4.613106472359624	0.9755203126332375	3.6375861597263857
SJRHB030264_D1	amplicon1	Linear_1	1.8322647907923229	0.7336525021242131	1.0986122886681098
SJRHB030549_D1	amplicon1	ecDNA_1	1.7456057869856145	0.6469934983175047	1.0986122886681098
SJRHB030549_D1	amplicon1	ecDNA_2	1.9552334750641678	0.5689391139442771	1.3862943611198906
SJRHB030549_D1	amplicon2	ecDNA_1	2.5982980610399307	0.518856519360095	2.0794415416798357
SJRHB030549_D2.WholeGenome	amplicon1	ecDNA_1	1.725834849634005	0.6272225609658952	1.0986122886681098
SJRHB030549_D2.WholeGenome	amplicon1	ecDNA_2	7.423663695699647	2.2307068448094363	5.19295685089021
SJRHB030549_D2.WholeGenome	amplicon2	Linear_1	2.8318573010223935	0.634632723686174	2.1972245773362196
SJRHB030549_D2.WholeGenome	amplicon3	Complex-non-cyclic_1	6.274072953175085	2.382252655064458	3.891820298110627
SJRHB030549_D2.WholeGenome	amplicon4	Linear_1	3.4670462754021765	0.9821396256141759	2.4849066497880004
SJRHB030787_D1	amplicon1	ecDNA_1	3.8312784315571284	0.8868394523906877	2.9444389791664407
SJRHB031084_D1	amplicon1	ecDNA_1	2.890359383616823	0.6931348062806034	2.1972245773362196
SJRHB031084_D1	amplicon2	ecDNA_1	0.5941665526241904	0.5941665526241904	0
SJRHB031084_D1	amplicon2	ecDNA_2	1.1789217824856615	0.4857746019257162	0.6931471805599453
SJRHB031084_D1	amplicon2	ecDNA_3	5.688021513825885	1.4983667717994598	4.189654742026425
SJRHB031084_D1	amplicon3	BFB_1	3.611308579019636	1.3087234860255907	2.3025850929940455
SJRHB031084_D1	amplicon4	Linear_1	1.9100787036104654	0.3006407911763651	1.6094379124341003
SJRHB031084_D1	amplicon5	Linear_1	1.609738493559755	0.5111262048916453	1.0986122886681098
SJRHB031117_D1	amplicon1	ecDNA_1	4.985228814909613	1.0934085167989862	3.891820298110627
SJRHB031210_D1	amplicon1	ecDNA_1	2.535456697352734	0.5895465482974208	1.9459101490553135
SJRHB031210_D1	amplicon2	ecDNA_1	1.9102220447169458	0.5239276835970552	1.3862943611198906
SJRHB031244_D1.WholeGenome	amplicon1	ecDNA_1	1.9919332843874966	0.6056389232676059	1.3862943611198906
SJRHB031244_D1.WholeGenome	amplicon2	ecDNA_1	2.230722479088006	0.6212845666539053	1.6094379124341003
SJRHB031244_D2	amplicon1	ecDNA_1	4.5524549110182955	1.4614124576599798	3.0910424533583156
SJRHB031519_D1.WholeGenome	amplicon1	ecDNA_1	5.092768756327494	1.4038893022135586	3.6888794541139363
SJRHB031848_D1.WholeGenome	amplicon1	BFB_1	3.9127642156286053	1.1401754933888242	2.772588722239781
SJRHB032029_D2.WholeGenome	amplicon1	Complex-non-cyclic_1	5.535770336585125	1.9522513981290153	3.58351893845611
SJST030043_D2	amplicon1	Linear_1	2.3744664874658454	0.765028575031745	1.6094379124341003
SJST030043_D2	amplicon2	ecDNA_1	3.1505580724225375	0.6656514226345374	2.4849066497880004
SJST030043_D2	amplicon2	ecDNA_2	2.133602752421811	1.0349904637537013	1.0986122886681098
SJST030043_D2	amplicon2	ecDNA_3	2.495864236267172	0.5499540872118587	1.9459101490553135
SJST030131_D3	amplicon1	ecDNA_1	2.639019921484363	0.6931097724290494	1.9459101490553135
SJST030131_D3	amplicon2	ecDNA_1	3.486130787177982	0.9211814297164453	2.5649493574615367
SJST030131_D3	amplicon3	Complex-non-cyclic_1	4.721056406013459	1.5430025756655135	3.1780538303479458
SJST030131_D3	amplicon4	Linear_1	3.287122369456765	1.0898977921205453	2.1972245773362196
SJST030375_D1.WholeGenome	amplicon1	Linear_1	0.673420286543644	0.673420286543644	0
SJST030375_R1.WholeGenome	amplicon1	Linear_1	0.6682851970835498	0.6682851970835498	0
SJST030375_R2.WholeGenome	amplicon1	Linear_1	0.6725753231114964	0.6725753231114964	0
SJST030483_D1	amplicon1	Complex-non-cyclic_1	6.049137141137731	1.9382632769644195	4.110873864173311
SJST030483_D1	amplicon2	Linear_1	2.8069011856926998	0.8609910366373862	1.9459101490553135
SJST030529_D1	amplicon1	ecDNA_1	3.5176842431280795	0.47316180540465635	3.044522437723423
SJST030529_D1	amplicon1	ecDNA_2	1.3292302367677995	0.6360830562078541	0.6931471805599453
SJST030529_D1	amplicon1	ecDNA_3	0.5795029809388381	0.5795029809388381	0
SJST030705_D1	amplicon1	Complex-non-cyclic_1	3.1874482300857885	0.9902236527495687	2.1972245773362196
SJST030730_D1	amplicon1	ecDNA_1	2.632981157628807	0.6870710085734932	1.9459101490553135
SJST030890_D1	amplicon1	Linear_1	2.656333494690058	1.0468955822559578	1.6094379124341003
SJST031189_D1	amplicon1	Complex-non-cyclic_1	6.312677610268338	2.2522345997219184	4.060443010546419
SJST031379_D2.WholeGenome	amplicon1	Complex-non-cyclic_1	4.113357624056567	1.0688351863331438	3.044522437723423
SJST031395_D1.WholeGenome	amplicon1	ecDNA_1	4.259258947617177	1.0011624095956941	3.258096538021482
SJST031620_D1.WholeGenome	amplicon1	ecDNA_1	0.5628812454944238	0.5628812454944238	0
SJST031623_D1.WholeGenome	amplicon1	ecDNA_1	2.732790654546628	0.6533491128667921	2.0794415416798357
SJST031623_D1.WholeGenome	amplicon2	Linear_1	2.046256450413866	0.6599620892939755	1.3862943611198906
SJST031623_D1.WholeGenome	amplicon3	Complex-non-cyclic_1	2.9722046954352264	0.6696196024411808	2.3025850929940455
SJST031758_D1.WholeGenome	amplicon1	Linear_1	1.5095402704472249e-10	1.5095402704472249e-10	0
SJST031890_D1.WholeGenome	amplicon1	ecDNA_1	1.337729589384673	0.6445824088247277	0.6931471805599453
SJST032152_D1.WholeGenome	amplicon1	Complex-non-cyclic_1	2.5035056160039284	0.7117461467758734	1.791759469228055
SJST032152_D1.WholeGenome	amplicon2	Linear_1	0.7551702767845072	0.06202309622456191	0.6931471805599453
SJST032152_D1.WholeGenome	amplicon3	Linear_1	1.1812185448202186	0.4880713642602732	0.6931471805599453
SJST032285_D1.WholeGenome	amplicon1	Linear_1	1.7427136326536496	0.6441013439855398	1.0986122886681098
SJST032337_D1.WholeGenome	amplicon2	ecDNA_1	2.2058715480353	0.5964336356011998	1.6094379124341003
SJST032337_D1.WholeGenome	amplicon3	ecDNA_1	2.1334051098717333	0.523967197437633	1.6094379124341003
SJST032337_D1.WholeGenome	amplicon5	Linear_1	2.7539401010256404	0.9621806317975856	1.791759469228055
SJST032561_D1.WholeGenome	amplicon1	ecDNA_1	0.6824785941772684	0.6824785941772684	0
SJST032574_D1.WholeGenome	amplicon1	ecDNA_1	0.6674812461518892	0.6674812461518892	0
SJST032574_D2.WholeGenome	amplicon1	ecDNA_1	0.675920592077458	0.675920592077458	0
SJST032577_D1.WholeGenome	amplicon1	Linear_1	3.497861941468842	1.5519517924135284	1.9459101490553135
SJST032843_D1.WholeGenome	amplicon1	Linear_1	2.5078257476598464	0.8983878352257462	1.6094379124341003
SJST033124_D1.WholeGenome	amplicon1	Complex-non-cyclic_1	3.577935950697138	1.0930293009091379	2.4849066497880004
SJST033124_D1.WholeGenome	amplicon2	Linear_1	1.3231209712348422	0.629973790674897	0.6931471805599453
SJWLM031333_D1.WholeGenome	amplicon1	ecDNA_1	5.094483045832885	1.6604958413477393	3.4339872044851463
SJWLM031677_D1.WholeGenome	amplicon1	ecDNA_1	7.523544615233847	2.21033863619206	5.313205979041787
SJWLM031998_D1.WholeGenome	amplicon1	Linear_1	1.1555506544953914e-09	1.1555506544953914e-09	0
SJWLM031998_D1.WholeGenome	amplicon2	Linear_1	0.6525169087178195	0.6525169087178195	0
SJWLM032016_D1.WholeGenome	amplicon1	Linear_1	1.7755122653524298	0.6768999766843201	1.0986122886681098
SJWLM032169_D1.WholeGenome	amplicon1	Linear_1	1.983886473190598	0.8852741845224883	1.0986122886681098
SJWLM033062_D1.WholeGenome	amplicon1	Linear_1	0	0	0
SJWLM033062_D1.WholeGenome	amplicon2	Linear_1	1.320097896105755	0.6269507155458096	0.6931471805599453
SJWLM033068_D1.WholeGenome	amplicon1	Linear_1	0.6640339413915544	0.6640339413915544	0
SJWLM033068_D2.WholeGenome	amplicon1	Linear_1	0.6368646895417878	0.6368646895417878	0
SJWLM033068_D2.WholeGenome	amplicon2	Complex-non-cyclic_1	2.3219936872568416	0.7125557748227414	1.6094379124341003
